Date,Close Price
1/1/2014,770.44
1/2/2014,808.05
1/3/2014,830.02
1/4/2014,858.98
1/5/2014,940.1
1/6/2014,951.39
1/7/2014,810.58
1/8/2014,859.95
1/9/2014,860.89
1/10/2014,884.67
1/11/2014,930.9
1/12/2014,873.26
1/13/2014,857.96
1/14/2014,851.83
1/15/2014,874.71
1/16/2014,847.37
1/17/2014,828.22
1/18/2014,843.76
1/19/2014,878.68
1/20/2014,871.05
1/21/2014,874.29
1/22/2014,863.95
1/23/2014,854.35
1/24/2014,825.12
1/25/2014,861.85
1/26/2014,880.15
1/27/2014,814.53
1/28/2014,833.94
1/29/2014,837.51
1/30/2014,845.85
1/31/2014,848.29
2/1/2014,853.02
2/2/2014,854.37
2/3/2014,846.9
2/4/2014,842.01
2/5/2014,820.87
2/6/2014,783.62
2/7/2014,703.57
2/8/2014,676.91
2/9/2014,681.94
2/10/2014,679.73
2/11/2014,669.44
2/12/2014,648.38
2/13/2014,598.41
2/14/2014,656.61
2/15/2014,645.43
2/16/2014,610.65
2/17/2014,621.49
2/18/2014,621.22
2/19/2014,617.71
2/20/2014,552.21
2/21/2014,569.04
2/22/2014,604.75
2/23/2014,604.58
2/24/2014,545.32
2/25/2014,534.71
2/26/2014,577.09
2/27/2014,576.7
2/28/2014,543.93
3/1/2014,563.74
3/2/2014,560.3
3/3/2014,661.12
3/4/2014,663.6
3/5/2014,661.79
3/6/2014,658.72
3/7/2014,625.83
3/8/2014,615.24
3/9/2014,633.18
3/10/2014,625.83
3/11/2014,628.95
3/12/2014,631.39
3/13/2014,638.16
3/14/2014,626.71
3/15/2014,633.67
3/16/2014,630.72
3/17/2014,621.22
3/18/2014,613.63
3/19/2014,608.82
3/20/2014,586.59
3/21/2014,570.77
3/22/2014,564.42
3/23/2014,561.35
3/24/2014,586.27
3/25/2014,582.28
3/26/2014,579.07
3/27/2014,478.16
3/28/2014,502.44
3/29/2014,493.18
3/30/2014,461.87
3/31/2014,458.5
4/1/2014,478.72
4/2/2014,437.51
4/3/2014,447.08
4/4/2014,448.88
4/5/2014,464.83
4/6/2014,460.7
4/7/2014,446.22
4/8/2014,450.46
4/9/2014,440.2
4/10/2014,360.84
4/11/2014,420.06
4/12/2014,420.66
4/13/2014,414.95
4/14/2014,457.63
4/15/2014,520.12
4/16/2014,529.16
4/17/2014,494.4
4/18/2014,478.23
4/19/2014,501.55
4/20/2014,497.32
4/21/2014,493.09
4/22/2014,484.43
4/23/2014,486.93
4/24/2014,500.26
4/25/2014,459.61
4/26/2014,456.14
4/27/2014,429.65
4/28/2014,437.06
4/29/2014,444.25
4/30/2014,445.87
5/1/2014,456.27
5/2/2014,446.64
5/3/2014,436.94
5/4/2014,434.06
5/5/2014,429.72
5/6/2014,426.99
5/7/2014,436.96
5/8/2014,435.34
5/9/2014,448.23
5/10/2014,452.71
5/11/2014,436.54
5/12/2014,438.43
5/13/2014,437.41
5/14/2014,441.75
5/15/2014,444.32
5/16/2014,445.01
5/17/2014,446.36
5/18/2014,444.81
5/19/2014,444.31
5/20/2014,485.83
5/21/2014,489.16
5/22/2014,526.06
5/23/2014,519.04
5/24/2014,525.63
5/25/2014,570.09
5/26/2014,581.83
5/27/2014,569.63
5/28/2014,574.45
5/29/2014,565.51
5/30/2014,616.47
5/31/2014,623.26
6/1/2014,629.02
6/2/2014,658.79
6/3/2014,665.73
6/4/2014,636.78
6/5/2014,656.06
6/6/2014,645.56
6/7/2014,652.71
6/8/2014,653.64
6/9/2014,645.34
6/10/2014,649.81
6/11/2014,627.91
6/12/2014,581.8
6/13/2014,597.43
6/14/2014,571.69
6/15/2014,591.97
6/16/2014,588.06
6/17/2014,607.34
6/18/2014,604.88
6/19/2014,592.26
6/20/2014,588.52
6/21/2014,591.03
6/22/2014,598.88
6/23/2014,587.46
6/24/2014,575.07
6/25/2014,562.13
6/26/2014,579.38
6/27/2014,600.86
6/28/2014,591.99
6/29/2014,598.6
6/30/2014,639.36
7/1/2014,635.59
7/2/2014,647.34
7/3/2014,640.69
7/4/2014,626.96
7/5/2014,628.33
7/6/2014,631.71
7/7/2014,617.99
7/8/2014,620.22
7/9/2014,620.55
7/10/2014,615.11
7/11/2014,631.18
7/12/2014,634.48
7/13/2014,627.58
7/14/2014,618.38
7/15/2014,619.36
7/16/2014,615.2
7/17/2014,622.62
7/18/2014,628.22
7/19/2014,625.8
7/20/2014,621.37
7/21/2014,620.01
7/22/2014,618.81
7/23/2014,617.93
7/24/2014,600.01
7/25/2014,599.93
7/26/2014,593.85
7/27/2014,590.95
7/28/2014,584.69
7/29/2014,582.2
7/30/2014,564.37
7/31/2014,581.35
8/1/2014,595.08
8/2/2014,587.29
8/3/2014,585.51
8/4/2014,586.76
8/5/2014,583.11
8/6/2014,583.04
8/7/2014,587.4
8/8/2014,590.53
8/9/2014,588.09
8/10/2014,589.45
8/11/2014,573.31
8/12/2014,568.21
8/13/2014,544.57
8/14/2014,508.55
8/15/2014,496.62
8/16/2014,519.83
8/17/2014,492.95
8/18/2014,460.67
8/19/2014,486.74
8/20/2014,511.93
8/21/2014,516.16
8/22/2014,513.94
8/23/2014,497.22
8/24/2014,508.57
8/25/2014,501.63
8/26/2014,513.47
8/27/2014,510.43
8/28/2014,507.02
8/29/2014,508.42
8/30/2014,501.2
8/31/2014,478.07
9/1/2014,474.13
9/2/2014,475.32
9/3/2014,474.54
9/4/2014,489.09
9/5/2014,480.5
9/6/2014,482.24
9/7/2014,479.48
9/8/2014,472.15
9/9/2014,471.56
9/10/2014,477.53
9/11/2014,476.33
9/12/2014,473.83
9/13/2014,477.09
9/14/2014,474.71
9/15/2014,471.36
9/16/2014,463.74
9/17/2014,454.91
9/18/2014,421.46
9/19/2014,391.94
9/20/2014,406.82
9/21/2014,396.57
9/22/2014,398.89
9/23/2014,435.38
9/24/2014,422.3
9/25/2014,408.8
9/26/2014,401.92
9/27/2014,398.36
9/28/2014,376.2
9/29/2014,374.73
9/30/2014,386.27
10/1/2014,381.33
10/2/2014,371.99
10/3/2014,356.56
10/4/2014,325.49
10/5/2014,319.64
10/6/2014,328.46
10/7/2014,334.09
10/8/2014,352.79
10/9/2014,363.78
10/10/2014,358.69
10/11/2014,359.2
10/12/2014,376.19
10/13/2014,388.38
10/14/2014,398.71
10/15/2014,391.84
10/16/2014,380.08
10/17/2014,380.42
10/18/2014,388.96
10/19/2014,386.59
10/20/2014,379.37
10/21/2014,382.38
10/22/2014,379.1
10/23/2014,355.86
10/24/2014,355.17
10/25/2014,346.11
10/26/2014,351.54
10/27/2014,348.96
10/28/2014,351.9
10/29/2014,333.38
10/30/2014,343.78
10/31/2014,336.8
11/1/2014,325.39
11/2/2014,323.74
11/3/2014,324.23
11/4/2014,328.28
11/5/2014,337.14
11/6/2014,348.23
11/7/2014,341.08
11/8/2014,344.03
11/9/2014,363.31
11/10/2014,365.29
11/11/2014,366.99
11/12/2014,427.24
11/13/2014,417.15
11/14/2014,398.43
11/15/2014,375.13
11/16/2014,388.55
11/17/2014,385.86
11/18/2014,372.38
11/19/2014,377.24
11/20/2014,356.14
11/21/2014,348.86
11/22/2014,352.04
11/23/2014,366.77
11/24/2014,375.24
11/25/2014,375.72
11/26/2014,368.51
11/27/2014,369.14
11/28/2014,375.85
11/29/2014,375.22
11/30/2014,377.09
12/1/2014,378.64
12/2/2014,381.54
12/3/2014,374.97
12/4/2014,369.15
12/5/2014,376.04
12/6/2014,374.02
12/7/2014,374.26
12/8/2014,360.94
12/9/2014,351.27
12/10/2014,344.62
12/11/2014,347.13
12/12/2014,350.94
12/13/2014,347.47
12/14/2014,351.14
12/15/2014,345.1
12/16/2014,326.08
12/17/2014,319.17
12/18/2014,310.75
12/19/2014,317.01
12/20/2014,329.57
12/21/2014,319.24
12/22/2014,330.67
12/23/2014,334.05
12/24/2014,321.88
12/25/2014,318.61
12/26/2014,327.16
12/27/2014,315.17
12/28/2014,316.8
12/29/2014,312.44
12/30/2014,309.87
12/31/2014,319.7
1/1/2015,313.92
1/2/2015,314.59
1/3/2015,279.85
1/4/2015,263.63
1/5/2015,272.95
1/6/2015,285.58
1/7/2015,294.88
1/8/2015,283.25
1/9/2015,288.84
1/10/2015,274.07
1/11/2015,265.37
1/12/2015,267.09
1/13/2015,226.98
1/14/2015,177.28
1/15/2015,210.46
1/16/2015,207.22
1/17/2015,199.62
1/18/2015,209.93
1/19/2015,213.98
1/20/2015,210.48
1/21/2015,225.98
1/22/2015,232.66
1/23/2015,232.97
1/24/2015,247.99
1/25/2015,254.51
1/26/2015,271.95
1/27/2015,262.06
1/28/2015,233.21
1/29/2015,232.4
1/30/2015,226.5
1/31/2015,216.91
2/1/2015,226.4
2/2/2015,237.54
2/3/2015,226.96
2/4/2015,226.73
2/5/2015,216.77
2/6/2015,222.48
2/7/2015,227.33
2/8/2015,222.87
2/9/2015,220.17
2/10/2015,220.08
2/11/2015,219.49
2/12/2015,221.85
2/13/2015,235.79
2/14/2015,257.47
2/15/2015,234.33
2/16/2015,233.56
2/17/2015,243.6
2/18/2015,236.21
2/19/2015,239.83
2/20/2015,243.78
2/21/2015,244.26
2/22/2015,235.53
2/23/2015,238.08
2/24/2015,238.76
2/25/2015,237.25
2/26/2015,236.1
2/27/2015,252.51
2/28/2015,253.53
3/1/2015,258.74
3/2/2015,271.35
3/3/2015,281.45
3/4/2015,271.92
3/5/2015,274.86
3/6/2015,272.21
3/7/2015,275.89
3/8/2015,274.48
3/9/2015,288.52
3/10/2015,290.51
3/11/2015,295.83
3/12/2015,293.87
3/13/2015,284.28
3/14/2015,281.36
3/15/2015,285.34
3/16/2015,290.38
3/17/2015,284.46
3/18/2015,255.37
3/19/2015,259.74
3/20/2015,260.84
3/21/2015,259.62
3/22/2015,267.8
3/23/2015,265.94
3/24/2015,245.44
3/25/2015,246.13
3/26/2015,247.65
3/27/2015,246.58
3/28/2015,252.25
3/29/2015,242.02
3/30/2015,246.85
3/31/2015,243.39
4/1/2015,246.55
4/2/2015,252.26
4/3/2015,253.54
4/4/2015,253.12
4/5/2015,259.95
4/6/2015,254.52
4/7/2015,252.8
4/8/2015,244.36
4/9/2015,243.26
4/10/2015,235.22
4/11/2015,236.12
4/12/2015,235.64
4/13/2015,223.41
4/14/2015,218.27
4/15/2015,223.57
4/16/2015,228.11
4/17/2015,222.23
4/18/2015,222.84
4/19/2015,221.69
4/20/2015,224.31
4/21/2015,235.81
4/22/2015,233.92
4/23/2015,235.56
4/24/2015,230.79
4/25/2015,225.85
4/26/2015,218.81
4/27/2015,228.5
4/28/2015,225.68
4/29/2015,225.98
4/30/2015,236.57
5/1/2015,232.12
5/2/2015,234.9
5/3/2015,240.12
5/4/2015,238.77
5/5/2015,236.55
5/6/2015,230.05
5/7/2015,237.78
5/8/2015,243.39
5/9/2015,240.48
5/10/2015,239.63
5/11/2015,241.85
5/12/2015,240.99
5/13/2015,235.8
5/14/2015,236.74
5/15/2015,237.31
5/16/2015,235.73
5/17/2015,236.1
5/18/2015,232.87
5/19/2015,231.94
5/20/2015,234.25
5/21/2015,235.3
5/22/2015,240.52
5/23/2015,239.03
5/24/2015,241.19
5/25/2015,237.49
5/26/2015,237.33
5/27/2015,237.18
5/28/2015,237.47
5/29/2015,237.1
5/30/2015,233.29
5/31/2015,230
6/1/2015,223.31
6/2/2015,225.75
6/3/2015,225.65
6/4/2015,224.37
6/5/2015,225.04
6/6/2015,225.68
6/7/2015,223.39
6/8/2015,228.65
6/9/2015,229.33
6/10/2015,228.95
6/11/2015,230.02
6/12/2015,230.2
6/13/2015,232.75
6/14/2015,233.85
6/15/2015,237.31
6/16/2015,250.9
6/17/2015,249.17
6/18/2015,248.87
6/19/2015,243.55
6/20/2015,245.26
6/21/2015,244.01
6/22/2015,246.77
6/23/2015,243.99
6/24/2015,240.22
6/25/2015,242.42
6/26/2015,242.64
6/27/2015,250.71
6/28/2015,248.07
6/29/2015,256.49
6/30/2015,262.48
7/1/2015,257.66
7/2/2015,254.35
7/3/2015,255.6
7/4/2015,260.35
7/5/2015,271.02
7/6/2015,268.49
7/7/2015,264.96
7/8/2015,269.65
7/9/2015,268.11
7/10/2015,283.88
7/11/2015,291.69
7/12/2015,309.98
7/13/2015,290.88
7/14/2015,286.19
7/15/2015,283.82
7/16/2015,277.83
7/17/2015,278.49
7/18/2015,274.49
7/19/2015,272.49
7/20/2015,278.41
7/21/2015,275.1
7/22/2015,276.62
7/23/2015,275.63
7/24/2015,287.97
7/25/2015,288.13
7/26/2015,291.64
7/27/2015,292.73
7/28/2015,293.79
7/29/2015,288.77
7/30/2015,287.29
7/31/2015,283.94
8/1/2015,280.04
8/2/2015,281.65
8/3/2015,280.48
8/4/2015,284.5
8/5/2015,281.38
8/6/2015,278.25
8/7/2015,279.03
8/8/2015,260.2
8/9/2015,264.44
8/10/2015,263.76
8/11/2015,270.92
8/12/2015,265.64
8/13/2015,263.34
8/14/2015,264.87
8/15/2015,260.73
8/16/2015,257.67
8/17/2015,256.98
8/18/2015,219
8/19/2015,225.39
8/20/2015,234.69
8/21/2015,231.94
8/22/2015,229.74
8/23/2015,227.59
8/24/2015,209.13
8/25/2015,221.71
8/26/2015,225.38
8/27/2015,224.26
8/28/2015,230.98
8/29/2015,229.76
8/30/2015,228.61
8/31/2015,230.02
9/1/2015,227.35
9/2/2015,228.86
9/3/2015,226.76
9/4/2015,230.09
9/5/2015,234.68
9/6/2015,239.44
9/7/2015,240.02
9/8/2015,243.55
9/9/2015,238.29
9/10/2015,238.59
9/11/2015,240.08
9/12/2015,234.82
9/13/2015,230.33
9/14/2015,230.24
9/15/2015,229.92
9/16/2015,228.8
9/17/2015,232.79
9/18/2015,232.72
9/19/2015,231.24
9/20/2015,230.86
9/21/2015,226.61
9/22/2015,230.52
9/23/2015,229.96
9/24/2015,234.28
9/25/2015,234.84
9/26/2015,234.21
9/27/2015,232.85
9/28/2015,239.34
9/29/2015,236.62
9/30/2015,236.25
10/1/2015,237.57
10/2/2015,237.4
10/3/2015,239.09
10/4/2015,238.69
10/5/2015,240.59
10/6/2015,246.42
10/7/2015,243.27
10/8/2015,242.69
10/9/2015,244.32
10/10/2015,245.33
10/11/2015,247.53
10/12/2015,245.59
10/13/2015,249.94
10/14/2015,252.59
10/15/2015,254.81
10/16/2015,262.94
10/17/2015,271.2
10/18/2015,262.9
10/19/2015,264.42
10/20/2015,270.22
10/21/2015,267.33
10/22/2015,274.41
10/23/2015,277.46
10/24/2015,282.66
10/25/2015,283.07
10/26/2015,286.13
10/27/2015,294.4
10/28/2015,303.89
10/29/2015,313.59
10/30/2015,326
10/31/2015,312.43
11/1/2015,325.08
11/2/2015,359.35
11/3/2015,400.71
11/4/2015,408.74
11/5/2015,387.51
11/6/2015,374.95
11/7/2015,384.8
11/8/2015,373.49
11/9/2015,380.04
11/10/2015,337.93
11/11/2015,312.58
11/12/2015,336.86
11/13/2015,337.29
11/14/2015,333.55
11/15/2015,319.93
11/16/2015,331.59
11/17/2015,335.77
11/18/2015,334.97
11/19/2015,326.31
11/20/2015,321.99
11/21/2015,327.17
11/22/2015,324.34
11/23/2015,323.26
11/24/2015,320.16
11/25/2015,328.98
11/26/2015,353.3
11/27/2015,358.18
11/28/2015,357.66
11/29/2015,371.86
11/30/2015,376.91
12/1/2015,362.73
12/2/2015,359.43
12/3/2015,361.31
12/4/2015,363.48
12/5/2015,388.86
12/6/2015,388.46
12/7/2015,395.86
12/8/2015,418.14
12/9/2015,418.04
12/10/2015,415.25
12/11/2015,453.9
12/12/2015,435.9
12/13/2015,433.54
12/14/2015,443.84
12/15/2015,465.5
12/16/2015,455.37
12/17/2015,455.99
12/18/2015,463.84
12/19/2015,462.23
12/20/2015,442.5
12/21/2015,437.76
12/22/2015,435.5
12/23/2015,442.84
12/24/2015,454.85
12/25/2015,455.31
12/26/2015,417.22
12/27/2015,422.52
12/28/2015,421.26
12/29/2015,432.62
12/30/2015,426.14
12/31/2015,430.05
1/1/2016,434.46
1/2/2016,433.59
1/3/2016,430.36
1/4/2016,433.49
1/5/2016,432.25
1/6/2016,429.46
1/7/2016,458.28
1/8/2016,453.37
1/9/2016,449.14
1/10/2016,448.96
1/11/2016,448.38
1/12/2016,432.88
1/13/2016,432.04
1/14/2016,429.73
1/15/2016,358.77
1/16/2016,387.66
1/17/2016,380.21
1/18/2016,385.84
1/19/2016,377.74
1/20/2016,418.74
1/21/2016,409.94
1/22/2016,381.76
1/23/2016,386.19
1/24/2016,402.61
1/25/2016,390.66
1/26/2016,391.43
1/27/2016,394.63
1/28/2016,379.38
1/29/2016,378.2
1/30/2016,376.94
1/31/2016,367.13
2/1/2016,371.25
2/2/2016,372.88
2/3/2016,368.93
2/4/2016,388.61
2/5/2016,385.34
2/6/2016,375.4
2/7/2016,375.28
2/8/2016,371.1
2/9/2016,373.32
2/10/2016,379.96
2/11/2016,377.72
2/12/2016,383.13
2/13/2016,392.18
2/14/2016,406.74
2/15/2016,399.48
2/16/2016,407.36
2/17/2016,415.56
2/18/2016,421.64
2/19/2016,420.33
2/20/2016,436.52
2/21/2016,438.98
2/22/2016,438.07
2/23/2016,419.98
2/24/2016,424.36
2/25/2016,423.52
2/26/2016,432.06
2/27/2016,432.14
2/28/2016,432.64
2/29/2016,436.61
3/1/2016,433.64
3/2/2016,421.6
3/3/2016,419.47
3/4/2016,407.98
3/5/2016,397.83
3/6/2016,404.55
3/7/2016,412.98
3/8/2016,411.76
3/9/2016,412.62
3/10/2016,416.16
3/11/2016,419.89
3/12/2016,410.13
3/13/2016,412.29
3/14/2016,415.09
3/15/2016,415.38
3/16/2016,416.25
3/17/2016,418.45
3/18/2016,408.04
3/19/2016,408.52
3/20/2016,410.75
3/21/2016,411.42
3/22/2016,416.93
3/23/2016,417.39
3/24/2016,414.34
3/25/2016,415.69
3/26/2016,416.73
3/27/2016,425.38
3/28/2016,422.76
3/29/2016,415.55
3/30/2016,412.69
3/31/2016,415.16
4/1/2016,417.01
4/2/2016,419.69
4/3/2016,419.38
4/4/2016,419.42
4/5/2016,422.65
4/6/2016,421.7
4/7/2016,421.2
4/8/2016,418.09
4/9/2016,418.42
4/10/2016,421.11
4/11/2016,422.99
4/12/2016,425.99
4/13/2016,424.4
4/14/2016,425.11
4/15/2016,429.98
4/16/2016,430.84
4/17/2016,427.86
4/18/2016,429.05
4/19/2016,436.1
4/20/2016,442.16
4/21/2016,451.1
4/22/2016,447.64
4/23/2016,452.58
4/24/2016,460.33
4/25/2016,462.51
4/26/2016,467.8
4/27/2016,445.01
4/28/2016,449.86
4/29/2016,456.35
4/30/2016,449.33
5/1/2016,453.04
5/2/2016,444.51
5/3/2016,450.27
5/4/2016,446.96
5/5/2016,448.53
5/6/2016,460.37
5/7/2016,459.46
5/8/2016,459.44
5/9/2016,461.49
5/10/2016,450.99
5/11/2016,452.11
5/12/2016,454.82
5/13/2016,455.73
5/14/2016,455.75
5/15/2016,457.85
5/16/2016,453.41
5/17/2016,452.75
5/18/2016,453.38
5/19/2016,436.73
5/20/2016,442.95
5/21/2016,443.13
5/22/2016,438.77
5/23/2016,443.73
5/24/2016,445.13
5/25/2016,449.23
5/26/2016,453.82
5/27/2016,473.47
5/28/2016,525.43
5/29/2016,524.08
5/30/2016,532.59
5/31/2016,531.8
6/1/2016,536.42
6/2/2016,538.14
6/3/2016,570.47
6/4/2016,573.45
6/5/2016,574.11
6/6/2016,585.53
6/7/2016,577.86
6/8/2016,583.1
6/9/2016,576.45
6/10/2016,579.13
6/11/2016,611.78
6/12/2016,675.34
6/13/2016,705.62
6/14/2016,685.99
6/15/2016,696.32
6/16/2016,768.24
6/17/2016,747.55
6/18/2016,755.68
6/19/2016,764.04
6/20/2016,727.95
6/21/2016,665.88
6/22/2016,602.89
6/23/2016,625.49
6/24/2016,665.16
6/25/2016,665.33
6/26/2016,630.25
6/27/2016,658.4
6/28/2016,646.3
6/29/2016,639.08
6/30/2016,672.48
7/1/2016,676.52
7/2/2016,703.69
7/3/2016,659.69
7/4/2016,681.63
7/5/2016,668.09
7/6/2016,676.11
7/7/2016,639.76
7/8/2016,664.74
7/9/2016,650.63
7/10/2016,649.96
7/11/2016,649.03
7/12/2016,664.84
7/13/2016,653.93
7/14/2016,659.64
7/15/2016,664.88
7/16/2016,663.54
7/17/2016,679.05
7/18/2016,673.59
7/19/2016,673.84
7/20/2016,666.18
7/21/2016,665.1
7/22/2016,650.82
7/23/2016,654.86
7/24/2016,661.05
7/25/2016,655.13
7/26/2016,651.08
7/27/2016,655.44
7/28/2016,655.63
7/29/2016,656.67
7/30/2016,654.98
7/31/2016,625.88
8/1/2016,607.37
8/2/2016,552.82
8/3/2016,565.26
8/4/2016,578.32
8/5/2016,574.96
8/6/2016,588.42
8/7/2016,592.78
8/8/2016,590.62
8/9/2016,584.76
8/10/2016,592.89
8/11/2016,586.52
8/12/2016,586.03
8/13/2016,585.08
8/14/2016,571.44
8/15/2016,567.2
8/16/2016,576.25
8/17/2016,571.74
8/18/2016,572.5
8/19/2016,573.66
8/20/2016,580.7
8/21/2016,580.69
8/22/2016,584.73
8/23/2016,581.28
8/24/2016,577.99
8/25/2016,575.73
8/26/2016,578.16
8/27/2016,568.67
8/28/2016,573.55
8/29/2016,572.36
8/30/2016,576
8/31/2016,572.33
9/1/2016,571.69
9/2/2016,574.15
9/3/2016,598.38
9/4/2016,608.92
9/5/2016,606.03
9/6/2016,611.07
9/7/2016,614.79
9/8/2016,624.95
9/9/2016,621.8
9/10/2016,622.21
9/11/2016,605.81
9/12/2016,606.31
9/13/2016,606.92
9/14/2016,608.22
9/15/2016,605.21
9/16/2016,606.33
9/17/2016,605.29
9/18/2016,608.7
9/19/2016,608.53
9/20/2016,599.47
9/21/2016,595.8
9/22/2016,595.03
9/23/2016,601.71
9/24/2016,601.34
9/25/2016,599.18
9/26/2016,606.81
9/27/2016,604.76
9/28/2016,603.52
9/29/2016,605.06
9/30/2016,608.44
10/1/2016,613.93
10/2/2016,610.29
10/3/2016,612.34
10/4/2016,609.37
10/5/2016,610.88
10/6/2016,610.9
10/7/2016,616.49
10/8/2016,616.6
10/9/2016,614.62
10/10/2016,617.42
10/11/2016,639.37
10/12/2016,635.08
10/13/2016,635.02
10/14/2016,638.37
10/15/2016,637.37
10/16/2016,639.83
10/17/2016,636.92
10/18/2016,635.51
10/19/2016,628.15
10/20/2016,628.62
10/21/2016,630.15
10/22/2016,652.71
10/23/2016,649.24
10/24/2016,648.4
10/25/2016,652.89
10/26/2016,674.36
10/27/2016,686.52
10/28/2016,688.1
10/29/2016,712.87
10/30/2016,696.35
10/31/2016,697.37
11/1/2016,729.27
11/2/2016,742.46
11/3/2016,687.51
11/4/2016,702.54
11/5/2016,704.16
11/6/2016,712.24
11/7/2016,704.02
11/8/2016,709.15
11/9/2016,721.19
11/10/2016,713.67
11/11/2016,716.56
11/12/2016,703.55
11/13/2016,702.5
11/14/2016,706.39
11/15/2016,711.96
11/16/2016,742.07
11/17/2016,735.41
11/18/2016,749.68
11/19/2016,750.63
11/20/2016,728.61
11/21/2016,736.72
11/22/2016,748.22
11/23/2016,741.6
11/24/2016,736.4
11/25/2016,738.28
11/26/2016,732.82
11/27/2016,728.42
11/28/2016,731.75
11/29/2016,731.76
11/30/2016,742.01
12/1/2016,753.25
12/2/2016,771.41
12/3/2016,764.97
12/4/2016,766.46
12/5/2016,750.71
12/6/2016,758.81
12/7/2016,763.9
12/8/2016,766.75
12/9/2016,770.41
12/10/2016,773.21
12/11/2016,768.62
12/12/2016,777.91
12/13/2016,775.25
12/14/2016,776.64
12/15/2016,775.48
12/16/2016,780.85
12/17/2016,788.58
12/18/2016,788.59
12/19/2016,790.16
12/20/2016,798.78
12/21/2016,833.1
12/22/2016,858.74
12/23/2016,916.79
12/24/2016,894.2
12/25/2016,894.48
12/26/2016,902.55
12/27/2016,931.11
12/28/2016,978.01
12/29/2016,969.62
12/30/2016,960.47
12/31/2016,968.23
1/1/2017,997.69
1/2/2017,1018.05
1/3/2017,1030.82
1/4/2017,1129.87
1/5/2017,1005.81
1/6/2017,895.67
1/7/2017,905.17
1/8/2017,913.52
1/9/2017,899.35
1/10/2017,904.79
1/11/2017,775.98
1/12/2017,802.83
1/13/2017,826.12
1/14/2017,818.64
1/15/2017,822.42
1/16/2017,830.26
1/17/2017,904.45
1/18/2017,884.25
1/19/2017,898.02
1/20/2017,891.62
1/21/2017,920.01
1/22/2017,925.33
1/23/2017,912.69
1/24/2017,885.65
1/25/2017,894.11
1/26/2017,915.1
1/27/2017,918.56
1/28/2017,920.28
1/29/2017,914.04
1/30/2017,920.24
1/31/2017,967.67
2/1/2017,987.35
2/2/2017,1007.79
2/3/2017,1018.11
2/4/2017,1033.65
2/5/2017,1013.99
2/6/2017,1024.61
2/7/2017,1052.54
2/8/2017,1054.34
2/9/2017,988.95
2/10/2017,993.08
2/11/2017,1010
2/12/2017,999.51
2/13/2017,996.86
2/14/2017,1009.25
2/15/2017,1009.12
2/16/2017,1034.08
2/17/2017,1053.12
2/18/2017,1058.41
2/19/2017,1052.82
2/20/2017,1083.24
2/21/2017,1123.66
2/22/2017,1122.19
2/23/2017,1178.38
2/24/2017,1180.92
2/25/2017,1151.58
2/26/2017,1179.97
2/27/2017,1194.28
2/28/2017,1190.89
3/1/2017,1230.02
3/2/2017,1260.92
3/3/2017,1290.79
3/4/2017,1267.68
3/5/2017,1277.68
3/6/2017,1280.87
3/7/2017,1232.43
3/8/2017,1150.48
3/9/2017,1191.81
3/10/2017,1117.02
3/11/2017,1181.64
3/12/2017,1229.5
3/13/2017,1243.24
3/14/2017,1246.31
3/15/2017,1259.6
3/16/2017,1172.91
3/17/2017,1070.13
3/18/2017,970.6
3/19/2017,1017.8
3/20/2017,1041.34
3/21/2017,1115.04
3/22/2017,1037.44
3/23/2017,1029.95
3/24/2017,935.95
3/25/2017,964.69
3/26/2017,965.23
3/27/2017,1040.49
3/28/2017,1044.25
3/29/2017,1040.39
3/30/2017,1037.53
3/31/2017,1079.75
4/1/2017,1089.51
4/2/2017,1098.78
4/3/2017,1147.63
4/4/2017,1143.75
4/5/2017,1135
4/6/2017,1190.6
4/7/2017,1193.02
4/8/2017,1184.82
4/9/2017,1210.05
4/10/2017,1213.34
4/11/2017,1224.77
4/12/2017,1216.5
4/13/2017,1178.53
4/14/2017,1183.44
4/15/2017,1180.7
4/16/2017,1184.79
4/17/2017,1203.73
4/18/2017,1217.6
4/19/2017,1226.94
4/20/2017,1255.4
4/21/2017,1257.13
4/22/2017,1244.37
4/23/2017,1248.22
4/24/2017,1248.32
4/25/2017,1263.54
4/26/2017,1284.84
4/27/2017,1329.19
4/28/2017,1320.05
4/29/2017,1327.04
4/30/2017,1347.96
5/1/2017,1402.08
5/2/2017,1443.68
5/3/2017,1492
5/4/2017,1515.63
5/5/2017,1512.21
5/6/2017,1548.29
5/7/2017,1555.47
5/8/2017,1639.32
5/9/2017,1706.93
5/10/2017,1756.8
5/11/2017,1807.37
5/12/2017,1676.99
5/13/2017,1759.96
5/14/2017,1772.42
5/15/2017,1697.38
5/16/2017,1718.2
5/17/2017,1802.16
5/18/2017,1887.33
5/19/2017,1968.1
5/20/2017,2051.73
5/21/2017,2055.62
5/22/2017,2139.03
5/23/2017,2291.48
5/24/2017,2476.3
5/25/2017,2357.5
5/26/2017,2247.48
5/27/2017,2106.31
5/28/2017,2207.58
5/29/2017,2289.87
5/30/2017,2197.23
5/31/2017,2330.23
6/1/2017,2452.18
6/2/2017,2517.41
6/3/2017,2555.65
6/4/2017,2552.81
6/5/2017,2736.59
6/6/2017,2914.08
6/7/2017,2694.22
6/8/2017,2825.03
6/9/2017,2826.7
6/10/2017,2942.34
6/11/2017,3018.54
6/12/2017,2682.59
6/13/2017,2738.93
6/14/2017,2494.48
6/15/2017,2456.92
6/16/2017,2528.1
6/17/2017,2664
6/18/2017,2576.17
6/19/2017,2641.66
6/20/2017,2778.83
6/21/2017,2712.16
6/22/2017,2740.79
6/23/2017,2738.22
6/24/2017,2619.12
6/25/2017,2594.45
6/26/2017,2485.36
6/27/2017,2593.17
6/28/2017,2584.56
6/29/2017,2561.56
6/30/2017,2499.98
7/1/2017,2460.2
7/2/2017,2529.78
7/3/2017,2581.07
7/4/2017,2625.07
7/5/2017,2629.27
7/6/2017,2619.11
7/7/2017,2521.24
7/8/2017,2579.93
7/9/2017,2525.67
7/10/2017,2371.96
7/11/2017,2332.19
7/12/2017,2423.16
7/13/2017,2364.52
7/14/2017,2232.65
7/15/2017,1993.26
7/16/2017,1938.94
7/17/2017,2244.26
7/18/2017,2327.9
7/19/2017,2294.4
7/20/2017,2877.39
7/21/2017,2694.29
7/22/2017,2838.81
7/23/2017,2762.63
7/24/2017,2779.04
7/25/2017,2591.22
7/26/2017,2550.18
7/27/2017,2697.47
7/28/2017,2805.18
7/29/2017,2720.08
7/30/2017,2746.33
7/31/2017,2873.83
8/1/2017,2735.59
8/2/2017,2723.58
8/3/2017,2814.36
8/4/2017,2883.68
8/5/2017,3301.76
8/6/2017,3255
8/7/2017,3431.97
8/8/2017,3453.16
8/9/2017,3377.54
8/10/2017,3445.28
8/11/2017,3679.61
8/12/2017,3917.65
8/13/2017,4111.2
8/14/2017,4382.74
8/15/2017,4204.43
8/16/2017,4425.3
8/17/2017,4316.34
8/18/2017,4159.46
8/19/2017,4206.13
8/20/2017,4111.22
8/21/2017,4054.94
8/22/2017,4137.67
8/23/2017,4191.22
8/24/2017,4362.47
8/25/2017,4408.32
8/26/2017,4387.46
8/27/2017,4394.51
8/28/2017,4439.66
8/29/2017,4648.13
8/30/2017,4630.73
8/31/2017,4764.87
9/1/2017,4950.72
9/2/2017,4643.97
9/3/2017,4631.69
9/4/2017,4319.72
9/5/2017,4422.12
9/6/2017,4626.72
9/7/2017,4638.1
9/8/2017,4317.54
9/9/2017,4291.88
9/10/2017,4191.17
9/11/2017,4188.84
9/12/2017,4148.27
9/13/2017,3874.26
9/14/2017,3226.41
9/15/2017,3686.9
9/16/2017,3678.74
9/17/2017,3672.57
9/18/2017,4067.08
9/19/2017,3897
9/20/2017,3858.09
9/21/2017,3612.68
9/22/2017,3603.31
9/23/2017,3777.29
9/24/2017,3662.12
9/25/2017,3927.5
9/26/2017,3895.51
9/27/2017,4208.56
9/28/2017,4185.29
9/29/2017,4164.1
9/30/2017,4353.05
10/1/2017,4394.64
10/2/2017,4404.1
10/3/2017,4320.09
10/4/2017,4225.92
10/5/2017,4322.75
10/6/2017,4370.24
10/7/2017,4437.03
10/8/2017,4596.96
10/9/2017,4772.97
10/10/2017,4754.7
10/11/2017,4830.77
10/12/2017,5439.13
10/13/2017,5640.13
10/14/2017,5809.69
10/15/2017,5697.39
10/16/2017,5754.22
10/17/2017,5595.23
10/18/2017,5572.2
10/19/2017,5699.58
10/20/2017,5984.09
10/21/2017,6013.23
10/22/2017,5984.96
10/23/2017,5895.3
10/24/2017,5518.85
10/25/2017,5733.9
10/26/2017,5888.14
10/27/2017,5767.68
10/28/2017,5732.82
10/29/2017,6140.53
10/30/2017,6121.8
10/31/2017,6447.67
11/1/2017,6750.17
11/2/2017,7030
11/3/2017,7161.45
11/4/2017,7387
11/5/2017,7382.45
11/6/2017,6958.21
11/7/2017,7118.8
11/8/2017,7458.79
11/9/2017,7146.78
11/10/2017,6570.31
11/11/2017,6337
11/12/2017,5857.32
11/13/2017,6517.68
11/14/2017,6598.77
11/15/2017,7279
11/16/2017,7843.94
11/17/2017,7689.91
11/18/2017,7776.94
11/19/2017,8033.94
11/20/2017,8238.2
11/21/2017,8095.59
11/22/2017,8230.69
11/23/2017,8002.64
11/24/2017,8201.46
11/25/2017,8763.78
11/26/2017,9326.59
11/27/2017,9739.05
11/28/2017,9908.23
11/29/2017,9816.35
11/30/2017,9916.54
12/1/2017,10859.56
12/2/2017,10895.01
12/3/2017,11180.89
12/4/2017,11616.85
12/5/2017,11696.06
12/6/2017,13708.99
12/7/2017,16858.02
12/8/2017,16057.14
12/9/2017,14913.4
12/10/2017,15036.96
12/11/2017,16699.68
12/12/2017,17178.1
12/13/2017,16407.2
12/14/2017,16531.08
12/15/2017,17601.94
12/16/2017,19343.04
12/17/2017,19086.64
12/18/2017,18960.52
12/19/2017,17608.35
12/20/2017,16454.72
12/21/2017,15561.05
12/22/2017,13857.14
12/23/2017,14548.71
12/24/2017,13975.44
12/25/2017,13917.03
12/26/2017,15745.26
12/27/2017,15378.28
12/28/2017,14428.76
12/29/2017,14427.87
12/30/2017,12629.81
12/31/2017,13860.14
1/1/2018,13412.44
1/2/2018,14740.76
1/3/2018,15134.65
1/4/2018,15155.23
1/5/2018,16937.17
1/6/2018,17135.84
1/7/2018,16178.49
1/8/2018,14970.36
1/9/2018,14439.47
1/10/2018,14890.72
1/11/2018,13287.26
1/12/2018,13812.71
1/13/2018,14188.78
1/14/2018,13619.03
1/15/2018,13585.9
1/16/2018,11348.02
1/17/2018,11141.25
1/18/2018,11250.65
1/19/2018,11514.92
1/20/2018,12759.64
1/21/2018,11522.86
1/22/2018,10772.15
1/23/2018,10839.83
1/24/2018,11399.52
1/25/2018,11137.24
1/26/2018,11090.06
1/27/2018,11407.15
1/28/2018,11694.47
1/29/2018,11158.39
1/30/2018,10035
1/31/2018,10166.51
2/1/2018,9052.58
2/2/2018,8827.63
2/3/2018,9224.39
2/4/2018,8186.65
2/5/2018,6914.26
2/6/2018,7700.39
2/7/2018,7581.8
2/8/2018,8237.24
2/9/2018,8689.84
2/10/2018,8556.61
2/11/2018,8070.8
2/12/2018,8891.21
2/13/2018,8516.24
2/14/2018,9477.84
2/15/2018,10016.49
2/16/2018,10178.71
2/17/2018,11092.15
2/18/2018,10396.63
2/19/2018,11159.72
2/20/2018,11228.24
2/21/2018,10456.17
2/22/2018,9830.43
2/23/2018,10149.46
2/24/2018,9682.38
2/25/2018,9586.46
2/26/2018,10313.08
2/27/2018,10564.42
2/28/2018,10309.64
3/1/2018,10907.59
3/2/2018,11019.52
3/3/2018,11438.65
3/4/2018,11479.73
3/5/2018,11432.98
3/6/2018,10709.53
3/7/2018,9906.8
3/8/2018,9299.28
3/9/2018,9237.05
3/10/2018,8787.16
3/11/2018,9532.74
3/12/2018,9118.27
3/13/2018,9144.15
3/14/2018,8196.9
3/15/2018,8256.99
3/16/2018,8269.33
3/17/2018,7862.11
3/18/2018,8196.02
3/19/2018,8594.19
3/20/2018,8915.9
3/21/2018,8895.4
3/22/2018,8712.89
3/23/2018,8918.74
3/24/2018,8535.89
3/25/2018,8449.83
3/26/2018,8138.34
3/27/2018,7790.16
3/28/2018,7937.2
3/29/2018,7086.49
3/30/2018,6844.32
3/31/2018,6926.02
4/1/2018,6816.74
4/2/2018,7049.79
4/3/2018,7417.89
4/4/2018,6789.3
4/5/2018,6774.75
4/6/2018,6620.41
4/7/2018,6896.28
4/8/2018,7022.71
4/9/2018,6773.94
4/10/2018,6830.9
4/11/2018,6939.55
4/12/2018,7916.37
4/13/2018,7889.23
4/14/2018,8003.68
4/15/2018,8357.04
4/16/2018,8051.34
4/17/2018,7890.15
4/18/2018,8163.69
4/19/2018,8273.74
4/20/2018,8863.5
4/21/2018,8917.6
4/22/2018,8792.83
4/23/2018,8938.3
4/24/2018,9652.16
4/25/2018,8864.09
4/26/2018,9279
4/27/2018,8978.33
4/28/2018,9342.47
4/29/2018,9392.03
4/30/2018,9244.32
5/1/2018,9067.71
5/2/2018,9219.86
5/3/2018,9734.67
5/4/2018,9692.72
5/5/2018,9826.6
5/6/2018,9619.14
5/7/2018,9362.53
5/8/2018,9180.16
5/9/2018,9306
5/10/2018,9014.61
5/11/2018,8406.17
5/12/2018,8467.66
5/13/2018,8688.03
5/14/2018,8675.21
5/15/2018,8474.24
5/16/2018,8340.3
5/17/2018,8058.6
5/18/2018,8240.72
5/19/2018,8234.15
5/20/2018,8520.81
5/21/2018,8395.23
5/22/2018,7983.52
5/23/2018,7502.56
5/24/2018,7578.69
5/25/2018,7460.69
5/26/2018,7334.16
5/27/2018,7344.97
5/28/2018,7105.67
5/29/2018,7460.58
5/30/2018,7375.67
5/31/2018,7487.19
6/1/2018,7518.24
6/2/2018,7636.19
6/3/2018,7711.36
6/4/2018,7490.59
6/5/2018,7616.89
6/6/2018,7655.98
6/7/2018,7688
6/8/2018,7616.1
6/9/2018,7497.34
6/10/2018,6765.8
6/11/2018,6877.18
6/12/2018,6548.33
6/13/2018,6299.52
6/14/2018,6637.74
6/15/2018,6410.72
6/16/2018,6485.87
6/17/2018,6443.67
6/18/2018,6709.48
6/19/2018,6737.41
6/20/2018,6758.38
6/21/2018,6717.2
6/22/2018,6053.9
6/23/2018,6170.56
6/24/2018,6150.19
6/25/2018,6247.47
6/26/2018,6074.92
6/27/2018,6132.56
6/28/2018,5848.26
6/29/2018,6203.9
6/30/2018,6387.31
7/1/2018,6347.86
7/2/2018,6613.27
7/3/2018,6504.93
7/4/2018,6584.77
7/5/2018,6531.2
7/6/2018,6600.99
7/7/2018,6755.56
7/8/2018,6704.18
7/9/2018,6664.21
7/10/2018,6302.49
7/11/2018,6381.87
7/12/2018,6245.63
7/13/2018,6217.61
7/14/2018,6247.23
7/15/2018,6349.04
7/16/2018,6726.4
7/17/2018,7314.94
7/18/2018,7378.76
7/19/2018,7470.82
7/20/2018,7330.54
7/21/2018,7404.29
7/22/2018,7396.29
7/23/2018,7717.5
7/24/2018,8397.63
7/25/2018,8166.76
7/26/2018,7929.61
7/27/2018,8183.02
7/28/2018,8229.96
7/29/2018,8215.56
7/30/2018,8168
7/31/2018,7726.89
8/1/2018,7603.75
8/2/2018,7535.02
8/3/2018,7415.56
8/4/2018,7009.09
8/5/2018,7026.99
8/6/2018,6937.07
8/7/2018,6717.21
8/8/2018,6280.58
8/9/2018,6537.9
8/10/2018,6143.3
8/11/2018,6233.38
8/12/2018,6312.83
8/13/2018,6252.37
8/14/2018,6192.31
8/15/2018,6270.04
8/16/2018,6314.24
8/17/2018,6583.24
8/18/2018,6395.35
8/19/2018,6485.75
8/20/2018,6256.61
8/21/2018,6477.38
8/22/2018,6357.59
8/23/2018,6525.61
8/24/2018,6692.62
8/25/2018,6732.5
8/26/2018,6707.63
8/27/2018,6907.66
8/28/2018,7076.74
8/29/2018,7035.81
8/30/2018,6982.4
8/31/2018,7013.97
9/1/2018,7192.3
9/2/2018,7295.13
9/3/2018,7261.49
9/4/2018,7358.5
9/5/2018,6687.01
9/6/2018,6498.62
9/7/2018,6396.27
9/8/2018,6183.38
9/9/2018,6238.54
9/10/2018,6305.57
9/11/2018,6282.92
9/12/2018,6328.93
9/13/2018,6486.62
9/14/2018,6492.37
9/15/2018,6515.9
9/16/2018,6497.37
9/17/2018,6251.16
9/18/2018,6334.2
9/19/2018,6388.98
9/20/2018,6491.64
,
,
This data was produced from the CoinDesk price page.,
http://www.coindesk.com/price/,
