date,bprice,goldprice,sp,forex,oil
2014/01/01,770.44,NA,NA,NA,NA
2014/01/02,808.05,1219.75,1831.98,1.367,95.14
2014/01/03,830.02,1232.25,1831.37,1.3606,93.66
2014/01/04,858.98,NA,NA,NA,NA
2014/01/05,940.1,NA,NA,NA,NA
2014/01/06,951.39,1238,1826.77,1.3636,93.12
2014/01/07,810.58,1237.5,1837.88,1.3618,93.31
2014/01/08,859.95,1226.5,1837.49,1.3586,91.9
2014/01/09,860.89,1226,1838.13,1.3591,91.36
2014/01/10,884.67,1232.25,1842.37,1.3664,92.39
2014/01/11,930.9,NA,NA,NA,NA
2014/01/12,873.26,NA,NA,NA,NA
2014/01/13,857.96,1246,1819.2,1.3647,91.45
2014/01/14,851.83,1248.75,1838.88,1.3682,92.15
2014/01/15,874.71,1238,1848.38,1.3604,93.78
2014/01/16,847.37,1237.25,1845.89,1.36,93.54
2014/01/17,828.22,1241,1838.7,1.3554,93.96
2014/01/18,843.76,NA,NA,NA,NA
2014/01/19,878.68,NA,NA,NA,NA
2014/01/20,871.05,1254.75,NA,NA,NA
2014/01/21,874.29,1247.75,1843.8,1.356,94.51
2014/01/22,863.95,1239.5,1844.86,1.3546,96.35
2014/01/23,854.35,1244.25,1828.46,1.368,97.23
2014/01/24,825.12,1259.25,1790.29,1.368,96.66
2014/01/25,861.85,NA,NA,NA,NA
2014/01/26,880.15,NA,NA,NA,NA
2014/01/27,814.53,1270,1781.56,1.3679,95.82
2014/01/28,833.94,1253.5,1792.5,1.3662,97.49
2014/01/29,837.51,1254.75,1774.2,1.3663,97.34
2014/01/30,845.85,1254,1794.19,1.3549,98.25
2014/01/31,848.29,1246.5,1782.59,1.35,97.55
2014/02/01,853.02,NA,NA,NA,NA
2014/02/02,854.37,NA,NA,NA,NA
2014/02/03,846.9,1246.5,1741.89,1.3523,96.44
2014/02/04,842.01,1253,1755.2,1.3507,97.24
2014/02/05,820.87,1257,1751.64,1.3519,97.4
2014/02/06,783.62,1258.5,1773.43,1.3604,97.84
2014/02/07,703.57,1260,1797.02,1.3614,99.98
2014/02/08,676.91,NA,NA,NA,NA
2014/02/09,681.94,NA,NA,NA,NA
2014/02/10,679.73,1273.5,1799.84,1.3644,100.12
2014/02/11,669.44,1282.75,1819.75,1.3654,99.96
2014/02/12,648.38,1286.5,1819.26,1.3592,100.38
2014/02/13,598.41,1290.25,1829.83,1.3669,100.27
2014/02/14,656.61,1308.5,1838.63,1.369,100.31
2014/02/15,645.43,NA,NA,NA,NA
2014/02/16,610.65,NA,NA,NA,NA
2014/02/17,621.49,1326,NA,NA,NA
2014/02/18,621.22,1314,1840.76,1.3758,102.54
2014/02/19,617.71,1318.75,1828.75,1.3762,103.46
2014/02/20,552.21,1313.75,1839.78,1.369,103.2
2014/02/21,569.04,1320.75,1836.25,1.3722,102.53
2014/02/22,604.75,NA,NA,NA,NA
2014/02/23,604.58,NA,NA,NA,NA
2014/02/24,545.32,1333,1847.61,1.3744,103.17
2014/02/25,534.71,1332.75,1845.12,1.3749,102.2
2014/02/26,577.09,1340,1845.16,1.3668,102.93
2014/02/27,576.7,1331,1854.29,1.3724,102.68
2014/02/28,543.93,1327.75,1859.45,1.3806,102.88
2014/03/01,563.74,NA,NA,NA,NA
2014/03/02,560.3,NA,NA,NA,NA
2014/03/03,661.12,1344.25,1845.73,1.3763,105.34
2014/03/04,663.6,1339.5,1873.91,1.3731,103.64
2014/03/05,661.79,1333.5,1873.81,1.3734,101.75
2014/03/06,658.72,1334.25,1877.03,1.3848,101.82
2014/03/07,625.83,1348.25,1878.04,1.3868,102.82
2014/03/08,615.24,NA,NA,NA,NA
2014/03/09,633.18,NA,NA,NA,NA
2014/03/10,625.83,1334.25,1877.17,1.388,101.39
2014/03/11,628.95,1348,1867.63,1.3867,100.29
2014/03/12,631.39,1355.75,1868.2,1.3904,98.29
2014/03/13,638.16,1371,1846.34,1.3927,98.57
2014/03/14,626.71,1370,1841.13,1.3924,99.23
2014/03/15,633.67,NA,NA,NA,NA
2014/03/16,630.72,NA,NA,NA,NA
2014/03/17,621.22,1379,1858.83,1.3927,98.43
2014/03/18,613.63,1362.5,1872.25,1.3913,100.08
2014/03/19,608.82,1346,1860.77,1.391,100.71
2014/03/20,586.59,1327,1872.01,1.3784,99.68
2014/03/21,570.77,1338.5,1866.52,1.3783,99.97
2014/03/22,564.42,NA,NA,NA,NA
2014/03/23,561.35,NA,NA,NA,NA
2014/03/24,586.27,1322,1857.44,1.3784,100.05
2014/03/25,582.28,1314.75,1865.62,1.3777,99.66
2014/03/26,579.07,1314.5,1852.56,1.3786,100.61
2014/03/27,478.16,1295,1849.04,1.3752,101.25
2014/03/28,502.44,1295.75,1857.62,1.3753,101.73
2014/03/29,493.18,NA,NA,NA,NA
2014/03/30,461.87,NA,NA,NA,NA
2014/03/31,458.5,1294,1872.34,1.3777,101.57
2014/04/01,478.72,1286.5,1885.52,1.3804,99.69
2014/04/02,437.51,1284,1890.9,1.3761,99.6
2014/04/03,447.08,1287.25,1888.77,1.3708,100.29
2014/04/04,448.88,1293.5,1865.09,1.3704,101.16
2014/04/05,464.83,NA,NA,NA,NA
2014/04/06,460.7,NA,NA,NA,NA
2014/04/07,446.22,1299,1845.04,1.3745,100.43
2014/04/08,450.46,1314.75,1851.96,1.3802,102.57
2014/04/09,440.2,1309.75,1872.18,1.3816,103.55
2014/04/10,360.84,1321.5,1833.08,1.3892,103.37
2014/04/11,420.06,1317.25,1815.69,1.3898,103.68
2014/04/12,420.66,NA,NA,NA,NA
2014/04/13,414.95,NA,NA,NA,NA
2014/04/14,457.63,1324.5,1830.61,1.3824,104.05
2014/04/15,520.12,1311.5,1842.98,1.3806,103.7
2014/04/16,529.16,1299,1862.31,1.382,103.71
2014/04/17,494.4,1299.25,1864.85,1.3832,104.33
2014/04/18,478.23,NA,NA,1.3816,NA
2014/04/19,501.55,NA,NA,NA,NA
2014/04/20,497.32,NA,NA,NA,NA
2014/04/21,493.09,NA,1871.89,1.379,104.35
2014/04/22,484.43,1290.75,1879.55,1.3804,101.69
2014/04/23,486.93,1283.5,1875.39,1.3814,101.47
2014/04/24,500.26,1283.5,1878.61,1.3828,102.2
2014/04/25,459.61,1294.25,1863.4,1.3838,100.85
2014/04/26,456.14,NA,NA,NA,NA
2014/04/27,429.65,NA,NA,NA,NA
2014/04/28,437.06,1302,1869.43,1.3844,101.13
2014/04/29,444.25,1289.75,1878.33,1.3808,101.56
2014/04/30,445.87,1292,1883.95,1.387,100.07
2014/05/01,456.27,1283,1883.68,1.3867,99.69
2014/05/02,446.64,1285,1881.14,1.3864,100.09
2014/05/03,436.94,NA,NA,NA,NA
2014/05/04,434.06,NA,NA,NA,NA
2014/05/05,429.72,NA,1884.66,1.3884,99.74
2014/05/06,426.99,1308.5,1867.72,1.3924,99.81
2014/05/07,436.96,1311,1878.21,1.3917,101.06
2014/05/08,435.34,1291.25,1875.63,1.3864,100.52
2014/05/09,448.23,1289,1878.48,1.3763,100.32
2014/05/10,452.71,NA,NA,NA,NA
2014/05/11,436.54,NA,NA,NA,NA
2014/05/12,438.43,1292.75,1896.65,1.376,100.89
2014/05/13,437.41,1292.75,1897.45,1.3711,102.01
2014/05/14,441.75,1300.25,1888.53,1.3718,102.63
2014/05/15,444.32,1303.75,1870.85,1.3712,101.74
2014/05/16,445.01,1293.75,1877.86,1.3708,102.31
2014/05/17,446.36,NA,NA,NA,NA
2014/05/18,444.81,NA,NA,NA,NA
2014/05/19,444.31,1301,1885.08,1.3716,102.95
2014/05/20,485.83,1291.5,1872.83,1.3702,102.8
2014/05/21,489.16,1292,1888.03,1.3657,104.31
2014/05/22,526.06,1294.5,1892.49,1.3652,104.03
2014/05/23,519.04,1292,1900.53,1.3628,105.01
2014/05/24,525.63,NA,NA,NA,NA
2014/05/25,570.09,NA,NA,NA,NA
2014/05/26,581.83,NA,NA,NA,NA
2014/05/27,569.63,1283,1911.91,1.3618,104.78
2014/05/28,574.45,1265.25,1909.78,1.3596,103.37
2014/05/29,565.51,1254,1920.03,1.3608,104.26
2014/05/30,616.47,1254,1923.57,1.364,103.4
2014/05/31,623.26,NA,NA,NA,NA
2014/06/01,629.02,NA,NA,NA,NA
2014/06/02,658.79,1244.75,1924.97,1.3606,103.07
2014/06/03,665.73,1244.25,1924.24,1.3624,103.34
2014/06/04,636.78,1246,1927.88,1.3619,103.27
2014/06/05,656.06,1244.75,1940.46,1.3618,103.17
2014/06/06,645.56,1254,1949.44,1.3639,103.32
2014/06/07,652.71,NA,NA,NA,NA
2014/06/08,653.64,NA,NA,NA,NA
2014/06/09,645.34,1255,1951.27,1.3589,105.09
2014/06/10,649.81,1253.5,1950.79,1.3543,105.02
2014/06/11,627.91,1262.5,1943.89,1.3532,105.04
2014/06/12,581.8,1261.75,1930.11,1.3556,107.2
2014/06/13,597.43,1273,1936.16,1.3522,107.49
2014/06/14,571.69,NA,NA,NA,NA
2014/06/15,591.97,NA,NA,NA,NA
2014/06/16,588.06,1281.75,1937.78,1.3578,107.52
2014/06/17,607.34,1264.5,1941.99,1.3543,106.95
2014/06/18,604.88,1269,1956.98,1.3567,106.64
2014/06/19,592.26,1282,1959.48,1.362,107.08
2014/06/20,588.52,1310,1962.87,1.3586,107.95
2014/06/21,591.03,NA,NA,NA,NA
2014/06/22,598.88,NA,NA,NA,NA
2014/06/23,587.46,1313.5,1962.61,1.3593,106.83
2014/06/24,575.07,1323,1949.98,1.3588,106.64
2014/06/25,562.13,1312,1959.53,1.3638,107.04
2014/06/26,579.38,1311.5,1957.22,1.361,106.49
2014/06/27,600.86,1315.25,1960.96,1.3631,106.46
2014/06/28,591.99,NA,NA,NA,NA
2014/06/29,598.6,NA,NA,NA,NA
2014/06/30,639.36,1313,1960.23,1.369,106.07
2014/07/01,635.59,1325.75,1973.32,1.3681,106.06
2014/07/02,647.34,1326.75,1974.62,1.3656,105.18
2014/07/03,640.69,1322.5,1985.44,1.361,104.76
2014/07/04,626.96,1321.5,NA,NA,NA
2014/07/05,628.33,NA,NA,NA,NA
2014/07/06,631.71,NA,NA,NA,NA
2014/07/07,617.99,1313.25,1977.65,1.3604,104.19
2014/07/08,620.22,1318.25,1963.71,1.3614,104.06
2014/07/09,620.55,1322.5,1972.83,1.363,102.93
2014/07/10,615.11,1343.25,1964.68,1.36,103.61
2014/07/11,631.18,1336.5,1967.57,1.3598,101.48
2014/07/12,634.48,NA,NA,NA,NA
2014/07/13,627.58,NA,NA,NA,NA
2014/07/14,618.38,1321.25,1977.1,1.362,101.73
2014/07/15,619.36,1312,1973.28,1.3573,100.56
2014/07/16,615.2,1297.5,1981.57,1.353,101.88
2014/07/17,622.62,1302.75,1958.12,1.353,103.84
2014/07/18,628.22,1310.25,1978.22,1.3515,103.83
2014/07/19,625.8,NA,NA,NA,NA
2014/07/20,621.37,NA,NA,NA,NA
2014/07/21,620.01,1312.75,1973.63,1.3524,105.34
2014/07/22,618.81,1307,1983.53,1.347,104.59
2014/07/23,617.93,1307.5,1987.01,1.3462,103.81
2014/07/24,600.01,1300,1987.98,1.3468,102.76
2014/07/25,599.93,1292.5,1978.34,1.3431,105.23
2014/07/26,593.85,NA,NA,NA,NA
2014/07/27,590.95,NA,NA,NA,NA
2014/07/28,584.69,1305,1978.91,1.344,105.68
2014/07/29,582.2,1307.5,1969.95,1.341,104.91
2014/07/30,564.37,1297.5,1970.07,1.3378,104.29
2014/07/31,581.35,1295,1930.67,1.339,98.23
2014/08/01,595.08,1284.5,1925.15,1.3436,97.86
2014/08/02,587.29,NA,NA,NA,NA
2014/08/03,585.51,NA,NA,NA,NA
2014/08/04,586.76,1293.5,1938.99,1.3414,98.26
2014/08/05,583.11,1292.75,1920.21,1.3366,97.34
2014/08/06,583.04,1288.5,1920.24,1.3355,96.93
2014/08/07,587.4,1302,1909.57,1.3362,97.34
2014/08/08,590.53,1317.5,1931.59,1.3412,97.61
2014/08/09,588.09,NA,NA,NA,NA
2014/08/10,589.45,NA,NA,NA,NA
2014/08/11,573.31,1308.25,1936.92,1.3385,98.09
2014/08/12,568.21,1311,1933.75,1.3357,97.36
2014/08/13,544.57,1309.25,1946.72,1.3367,97.57
2014/08/14,508.55,1315,1955.18,1.3376,95.54
2014/08/15,496.62,1313.6,1955.06,1.3392,97.3
2014/08/16,519.83,NA,NA,NA,NA
2014/08/17,492.95,NA,NA,NA,NA
2014/08/18,460.67,1302.75,1971.74,1.3358,96.44
2014/08/19,486.74,1300.25,1981.6,1.332,94.35
2014/08/20,511.93,1294.5,1986.51,1.3284,96.4
2014/08/21,516.16,1280.5,1992.37,1.3284,93.97
2014/08/22,513.94,1281,1988.4,1.3237,93.61
2014/08/23,497.22,NA,NA,NA,NA
2014/08/24,508.57,NA,NA,NA,NA
2014/08/25,501.63,NA,1997.92,1.3206,95.39
2014/08/26,513.47,1286.5,2000.02,1.3189,95.78
2014/08/27,510.43,1285,2000.12,1.3192,95.82
2014/08/28,507.02,1288,1996.74,1.3178,96.44
2014/08/29,508.42,1285.75,2003.37,1.315,97.86
2014/08/30,501.2,NA,NA,NA,NA
2014/08/31,478.07,NA,NA,NA,NA
2014/09/01,474.13,1287.25,NA,NA,NA
2014/09/02,475.32,1277.75,2002.28,1.3124,92.92
2014/09/03,474.54,1268.5,2000.72,1.3136,95.5
2014/09/04,489.09,1271,1997.65,1.2926,94.51
2014/09/05,480.5,1264,2007.71,1.2956,93.32
2014/09/06,482.24,NA,NA,NA,NA
2014/09/07,479.48,NA,NA,NA,NA
2014/09/08,472.15,1267.25,2001.54,1.2948,92.64
2014/09/09,471.56,1256,1988.44,1.2909,92.73
2014/09/10,477.53,1254.25,1995.69,1.2908,91.71
2014/09/11,476.33,1247,1997.45,1.2936,92.89
2014/09/12,473.83,1237.25,1985.54,1.2955,92.18
2014/09/13,477.09,NA,NA,NA,NA
2014/09/14,474.71,NA,NA,NA,NA
2014/09/15,471.36,1234.75,1984.13,1.2951,92.86
2014/09/16,463.74,1238.75,1998.98,1.2976,94.91
2014/09/17,454.91,1236.5,2001.57,1.2958,94.33
2014/09/18,421.46,1223,2011.36,1.2913,93.07
2014/09/19,391.94,1222.5,2010.4,1.2835,92.43
2014/09/20,406.82,NA,NA,NA,NA
2014/09/21,396.57,NA,NA,NA,NA
2014/09/22,398.89,1214,1994.29,1.2829,91.46
2014/09/23,435.38,1225,1982.77,1.2858,91.55
2014/09/24,422.3,1224,1998.3,1.2788,93.6
2014/09/25,408.8,1210.5,1965.99,1.2748,93.59
2014/09/26,401.92,1222.25,1982.85,1.2686,95.55
2014/09/27,398.36,NA,NA,NA,NA
2014/09/28,376.2,NA,NA,NA,NA
2014/09/29,374.73,1217.75,1977.8,1.2703,94.53
2014/09/30,386.27,1210,1972.29,1.2628,91.17
2014/10/01,381.33,1208.5,1946.16,1.2618,90.74
2014/10/02,371.99,1214.5,1946.17,1.267,91.02
2014/10/03,356.56,1207.5,1967.9,1.2517,89.76
2014/10/04,325.49,NA,NA,NA,NA
2014/10/05,319.64,NA,NA,NA,NA
2014/10/06,328.46,1193.25,1964.82,1.2592,90.33
2014/10/07,334.09,1207.5,1935.1,1.2626,88.89
2014/10/08,352.79,1220,1968.89,1.2683,87.29
2014/10/09,363.78,1227.5,1928.21,1.2683,85.76
2014/10/10,358.69,1222.25,1906.13,1.2636,85.87
2014/10/11,359.2,NA,NA,NA,NA
2014/10/12,376.19,NA,NA,NA,NA
2014/10/13,388.38,1228,1874.74,NA,85.73
2014/10/14,398.71,1233,1877.7,1.266,81.72
2014/10/15,391.84,1223.5,1862.49,1.2778,81.82
2014/10/16,380.08,1241,1862.76,1.2812,82.33
2014/10/17,380.42,1238,1886.76,1.2755,82.8
2014/10/18,388.96,NA,NA,NA,NA
2014/10/19,386.59,NA,NA,NA,NA
2014/10/20,379.37,1241,1904.01,1.2783,82.76
2014/10/21,382.38,1251.75,1941.28,1.2724,83.25
2014/10/22,379.1,1246.75,1927.11,1.2658,80.52
2014/10/23,355.86,1240.5,1950.82,1.2658,82.81
2014/10/24,355.17,1231.75,1964.58,1.2675,81.27
2014/10/25,346.11,NA,NA,NA,NA
2014/10/26,351.54,NA,NA,NA,NA
2014/10/27,348.96,1230.5,1961.63,1.2712,81.26
2014/10/28,351.9,1228.25,1985.05,1.2747,81.36
2014/10/29,333.38,1228,1982.3,1.2762,82.25
2014/10/30,343.78,1205.75,1994.65,1.2622,81.06
2014/10/31,336.8,1173.25,2018.05,1.253,80.53
2014/11/01,325.39,NA,NA,NA,NA
2014/11/02,323.74,NA,NA,NA,NA
2014/11/03,324.23,1170.75,2017.81,1.2487,78.77
2014/11/04,328.28,1169.25,2012.1,1.2554,77.15
2014/11/05,337.14,1145.25,2023.57,1.2488,78.71
2014/11/06,348.23,1144.5,2031.21,1.2414,77.87
2014/11/07,341.08,1145,2031.92,1.2422,78.71
2014/11/08,344.03,NA,NA,NA,NA
2014/11/09,363.31,NA,NA,NA,NA
2014/11/10,365.29,1172,2038.26,1.2425,77.43
2014/11/11,366.99,1151.25,2039.68,NA,77.85
2014/11/12,427.24,1163.25,2038.25,1.2456,77.16
2014/11/13,417.15,1161,2039.33,1.2476,74.13
2014/11/14,398.43,1154,2039.82,1.2494,75.91
2014/11/15,375.13,NA,NA,NA,NA
2014/11/16,388.55,NA,NA,NA,NA
2014/11/17,385.86,1187,2041.32,1.2447,75.64
2014/11/18,372.38,1202,2051.8,1.2534,74.55
2014/11/19,377.24,1200.75,2048.72,1.2548,74.55
2014/11/20,356.14,1194,2052.75,1.2526,75.63
2014/11/21,348.86,1193.25,2063.5,1.2394,76.52
2014/11/22,352.04,NA,NA,NA,NA
2014/11/23,366.77,NA,NA,NA,NA
2014/11/24,375.24,1196,2069.41,1.2427,75.74
2014/11/25,375.72,1202.25,2067.03,1.2472,74.04
2014/11/26,368.51,1195.75,2072.83,1.2503,73.7
2014/11/27,369.14,1196.5,NA,NA,NA
2014/11/28,375.85,1184.5,2067.56,1.2438,65.94
2014/11/29,375.22,NA,NA,NA,NA
2014/11/30,377.09,NA,NA,NA,NA
2014/12/01,378.64,1178.75,2053.44,1.249,68.98
2014/12/02,381.54,1197,2066.55,1.239,66.99
2014/12/03,374.97,1203.25,2074.33,1.2304,67.3
2014/12/04,369.15,1204,2071.92,1.2432,66.73
2014/12/05,376.04,1204.5,2075.37,1.2304,65.89
2014/12/06,374.02,NA,NA,NA,NA
2014/12/07,374.26,NA,NA,NA,NA
2014/12/08,360.94,1195.25,2060.31,1.2292,63.13
2014/12/09,351.27,1206.5,2059.82,1.2415,63.74
2014/12/10,344.62,1228.25,2026.14,1.2425,60.99
2014/12/11,347.13,1219.5,2035.33,1.2397,60.01
2014/12/12,350.94,1223.5,2002.33,1.2484,57.81
2014/12/13,347.47,NA,NA,NA,NA
2014/12/14,351.14,NA,NA,NA,NA
2014/12/15,345.1,1210.75,1989.63,1.247,55.96
2014/12/16,326.08,1199.25,1972.74,1.2504,55.97
2014/12/17,319.17,1199,2012.89,1.2406,56.43
2014/12/18,310.75,1210.75,2061.23,1.2291,54.18
2014/12/19,317.01,1197.5,2070.65,1.2235,56.91
2014/12/20,329.57,NA,NA,NA,NA
2014/12/21,319.24,NA,NA,NA,NA
2014/12/22,330.67,1195.25,2078.54,1.2252,55.25
2014/12/23,334.05,1179.5,2082.17,1.218,56.78
2014/12/24,321.88,1177,2081.88,1.2188,55.7
2014/12/25,318.61,NA,NA,NA,NA
2014/12/26,327.16,NA,2088.77,NA,54.59
2014/12/27,315.17,NA,NA,NA,NA
2014/12/28,316.8,NA,NA,NA,NA
2014/12/29,312.44,1194,2090.57,1.2179,53.46
2014/12/30,309.87,1186.5,2080.35,1.2174,54.14
2014/12/31,319.7,1199.25,2058.9,1.2101,53.45
2015/01/01,313.92,NA,NA,NA,NA
2015/01/02,314.59,1184.25,2058.2,1.2015,52.72
2015/01/03,279.85,NA,NA,NA,NA
2015/01/04,263.63,NA,NA,NA,NA
2015/01/05,272.95,1192,2020.58,1.1918,50.05
2015/01/06,285.58,1211,2002.61,1.1936,47.98
2015/01/07,294.88,1213.75,2025.9,1.182,48.69
2015/01/08,283.25,1206.5,2062.14,1.1811,48.8
2015/01/09,288.84,1211.25,2044.81,1.183,48.35
2015/01/10,274.07,NA,NA,NA,NA
2015/01/11,265.37,NA,NA,NA,NA
2015/01/12,267.09,1222,2028.26,1.1832,46.06
2015/01/13,226.98,1239,2023.03,1.1779,45.92
2015/01/14,177.28,1228.75,2011.27,1.1806,48.49
2015/01/15,210.46,1235.25,1992.67,1.1598,46.37
2015/01/16,207.22,1258.25,2019.42,1.1517,48.49
2015/01/17,199.62,NA,NA,NA,NA
2015/01/18,209.93,NA,NA,NA,NA
2015/01/19,213.98,1275.5,NA,NA,NA
2015/01/20,210.48,1292.25,2022.55,1.1559,46.79
2015/01/21,225.98,1298,2032.12,1.1584,47.85
2015/01/22,232.66,1287,2063.15,1.1414,45.93
2015/01/23,232.97,1293.5,2051.82,1.1279,45.26
2015/01/24,247.99,NA,NA,NA,NA
2015/01/25,254.51,NA,NA,NA,NA
2015/01/26,271.95,1282.75,2057.09,1.129,44.8
2015/01/27,262.06,1279,2029.55,1.137,45.84
2015/01/28,233.21,1287,2002.16,1.1342,44.08
2015/01/29,232.4,1275.5,2021.25,1.1308,44.12
2015/01/30,226.5,1263.5,1994.99,1.129,47.79
2015/01/31,216.91,NA,NA,NA,NA
2015/02/01,226.4,NA,NA,NA,NA
2015/02/02,237.54,1274.25,2020.85,1.1337,49.25
2015/02/03,226.96,1281,2050.03,1.1462,53.04
2015/02/04,226.73,1269.25,2041.51,1.1418,48.45
2015/02/05,216.77,1263.75,2062.52,1.1432,50.48
2015/02/06,222.48,1264,2055.47,1.133,51.66
2015/02/07,227.33,NA,NA,NA,NA
2015/02/08,222.87,NA,NA,NA,NA
2015/02/09,220.17,1242.25,2046.74,1.1316,52.99
2015/02/10,220.08,1237.5,2068.59,1.1316,50.06
2015/02/11,219.49,1235.5,2068.53,1.13,48.8
2015/02/12,221.85,1225.25,2088.48,1.141,51.17
2015/02/13,235.79,1225.75,2096.99,1.1408,52.66
2015/02/14,257.47,NA,NA,NA,NA
2015/02/15,234.33,NA,NA,NA,NA
2015/02/16,233.56,1233.5,NA,NA,NA
2015/02/17,243.6,1221.75,2100.34,1.1395,53.56
2015/02/18,236.21,1206.5,2099.68,1.1342,52.13
2015/02/19,239.83,1217.75,2097.45,1.1392,51.12
2015/02/20,243.78,1203.5,2110.3,1.1372,49.95
2015/02/21,244.26,NA,NA,NA,NA
2015/02/22,235.53,NA,NA,NA,NA
2015/02/23,238.08,1193.5,2109.66,1.1346,49.56
2015/02/24,238.76,1195.5,2115.48,1.1307,48.48
2015/02/25,237.25,1206.5,2113.86,1.1363,50.25
2015/02/26,236.1,1220,2110.74,1.1212,47.65
2015/02/27,252.51,1205,2104.5,1.1197,49.84
2015/02/28,253.53,NA,NA,NA,NA
2015/03/01,258.74,NA,NA,NA,NA
2015/03/02,271.35,1216.75,2117.39,1.119,49.59
2015/03/03,281.45,1207.75,2107.78,1.1212,50.43
2015/03/04,271.92,1204.25,2098.53,1.107,51.53
2015/03/05,274.86,1199.75,2101.04,1.1006,50.76
2015/03/06,272.21,1196.5,2071.26,1.0855,49.61
2015/03/07,275.89,NA,NA,NA,NA
2015/03/08,274.48,NA,NA,NA,NA
2015/03/09,288.52,1173.75,2079.43,1.0846,49.95
2015/03/10,290.51,1161,2044.16,1.0707,48.42
2015/03/11,295.83,1158.75,2040.24,1.0576,48.06
2015/03/12,293.87,1161.25,2065.95,1.0615,47.12
2015/03/13,284.28,1156.5,2053.4,1.0524,44.88
2015/03/14,281.36,NA,NA,NA,NA
2015/03/15,285.34,NA,NA,NA,NA
2015/03/16,290.38,1157,2081.19,1.0575,43.93
2015/03/17,284.46,1154.75,2074.28,1.0605,43.39
2015/03/18,255.37,1149,2099.5,1.0643,44.63
2015/03/19,259.74,1164,2089.27,1.0621,44.02
2015/03/20,260.84,1171.75,2108.1,1.0792,46
2015/03/21,259.62,NA,NA,NA,NA
2015/03/22,267.8,NA,NA,NA,NA
2015/03/23,265.94,1181.4,2104.42,1.0928,47.4
2015/03/24,245.44,1193.25,2091.5,1.0908,47.03
2015/03/25,246.13,1192.55,2061.05,1.0986,48.75
2015/03/26,247.65,1209.4,2056.15,1.0919,51.41
2015/03/27,246.58,1198,2061.02,1.0891,48.83
2015/03/28,252.25,NA,NA,NA,NA
2015/03/29,242.02,NA,NA,NA,NA
2015/03/30,246.85,1187.4,2086.24,1.0818,48.66
2015/03/31,243.39,1179.25,2067.89,1.0741,47.72
2015/04/01,246.55,1181.25,2059.69,1.0768,50.12
2015/04/02,252.26,1201.5,2066.96,1.0874,49.13
2015/04/03,253.54,NA,NA,1.099,NA
2015/04/04,253.12,NA,NA,NA,NA
2015/04/05,259.95,NA,NA,NA,NA
2015/04/06,254.52,NA,2080.62,1.1008,52.08
2015/04/07,252.8,1208.5,2076.33,1.085,53.95
2015/04/08,244.36,1211.1,2081.9,1.0818,50.44
2015/04/09,243.26,1196,2091.18,1.0671,50.79
2015/04/10,235.22,1201.9,2102.06,1.0598,51.63
2015/04/11,236.12,NA,NA,NA,NA
2015/04/12,235.64,NA,NA,NA,NA
2015/04/13,223.41,1197.85,2092.43,1.0582,51.95
2015/04/14,218.27,1191.45,2095.84,1.0672,53.3
2015/04/15,223.57,1189.85,2106.63,1.0596,56.25
2015/04/16,228.11,1204.6,2104.99,1.0742,56.69
2015/04/17,222.23,1204.55,2081.18,1.078,55.71
2015/04/18,222.84,NA,NA,NA,NA
2015/04/19,221.69,NA,NA,NA,NA
2015/04/20,224.31,1203.25,2100.4,1.0763,56.37
2015/04/21,235.81,1197.7,2097.29,1.0758,55.58
2015/04/22,233.92,1202.4,2107.96,1.0729,56.17
2015/04/23,235.56,1187.75,2112.93,1.0803,56.59
2015/04/24,230.79,1192.15,2117.69,1.0876,55.98
2015/04/25,225.85,NA,NA,NA,NA
2015/04/26,218.81,NA,NA,NA,NA
2015/04/27,228.5,1182.75,2108.92,1.0892,55.56
2015/04/28,225.68,1201.4,2114.76,1.0979,57.05
2015/04/29,225.98,1204.8,2106.85,1.1174,58.55
2015/04/30,236.57,1204.3,2085.51,1.1162,59.62
2015/05/01,232.12,1179,2108.29,1.1194,59.1
2015/05/02,234.9,NA,NA,NA,NA
2015/05/03,240.12,NA,NA,NA,NA
2015/05/04,238.77,NA,2114.49,1.1145,58.92
2015/05/05,236.55,1187.4,2089.46,1.1174,60.38
2015/05/06,230.05,1191.25,2080.15,1.1345,60.93
2015/05/07,237.78,1183,2088,1.1283,58.99
2015/05/08,243.39,1185.25,2116.1,1.1241,59.41
2015/05/09,240.48,NA,NA,NA,NA
2015/05/10,239.63,NA,NA,NA,NA
2015/05/11,241.85,1184.75,2105.33,1.1142,59.23
2015/05/12,240.99,1184.45,2099.12,1.124,60.72
2015/05/13,235.8,1193,2098.48,1.1372,60.5
2015/05/14,236.74,1214.75,2121.1,1.1368,59.89
2015/05/15,237.31,1216.3,2122.73,1.1428,59.73
2015/05/16,235.73,NA,NA,NA,NA
2015/05/17,236.1,NA,NA,NA,NA
2015/05/18,232.87,1228.15,2129.2,1.1354,59.44
2015/05/19,231.94,1219.65,2127.83,1.1151,57.3
2015/05/20,234.25,1206.75,2125.85,1.1079,58.96
2015/05/21,235.3,1209.6,2130.82,1.1126,60.18
2015/05/22,240.52,1211,2126.06,1.1033,58.88
2015/05/23,239.03,NA,NA,NA,NA
2015/05/24,241.19,NA,NA,NA,NA
2015/05/25,237.49,NA,NA,NA,NA
2015/05/26,237.33,1194,2104.2,1.0876,57.29
2015/05/27,237.18,1187.85,2123.48,1.0888,57.51
2015/05/28,237.47,1189.45,2120.79,1.0914,57.69
2015/05/29,237.1,1190.4,2107.39,1.0994,60.25
2015/05/30,233.29,NA,NA,NA,NA
2015/05/31,230,NA,NA,NA,NA
2015/06/01,223.31,1187.3,2111.73,1.0913,60.24
2015/06/02,225.75,1188.75,2109.6,1.113,61.3
2015/06/03,225.65,1186.6,2114.07,1.1285,59.67
2015/06/04,224.37,1182.45,2095.84,1.1271,58
2015/06/05,225.04,1175.9,2092.83,1.1108,59.11
2015/06/06,225.68,NA,NA,NA,NA
2015/06/07,223.39,NA,NA,NA,NA
2015/06/08,228.65,1173.4,2079.28,1.1232,58.15
2015/06/09,229.33,1181,2080.15,1.1284,60.15
2015/06/10,228.95,1186,2105.2,1.1307,61.36
2015/06/11,230.02,1180.5,2108.86,1.1236,60.74
2015/06/12,230.2,1179.25,2094.11,1.1278,59.96
2015/06/13,232.75,NA,NA,NA,NA
2015/06/14,233.85,NA,NA,NA,NA
2015/06/15,237.31,1178.25,2084.43,1.1266,59.53
2015/06/16,250.9,1182.1,2096.29,1.1238,60.01
2015/06/17,249.17,1178.5,2100.44,1.1244,59.89
2015/06/18,248.87,1198,2121.24,1.1404,60.41
2015/06/19,243.55,1198.15,2109.99,1.1335,59.62
2015/06/20,245.26,NA,NA,NA,NA
2015/06/21,244.01,NA,NA,NA,NA
2015/06/22,246.77,1193.7,2122.85,1.1378,60.01
2015/06/23,243.99,1183.35,2124.2,1.119,61.05
2015/06/24,240.22,1175.75,2108.58,1.1178,60.01
2015/06/25,242.42,1174.6,2102.31,1.1196,59.59
2015/06/26,242.64,1174.4,2101.49,1.1156,59.41
2015/06/27,250.71,NA,NA,NA,NA
2015/06/28,248.07,NA,NA,NA,NA
2015/06/29,256.49,1176.5,2057.64,1.118,58.34
2015/06/30,262.48,1175,2063.11,1.1154,59.48
2015/07/01,257.66,1171.7,2077.42,1.1084,56.94
2015/07/02,254.35,1164.3,2076.78,1.109,56.93
2015/07/03,255.6,1168.25,NA,NA,NA
2015/07/04,260.35,NA,NA,NA,NA
2015/07/05,271.02,NA,NA,NA,NA
2015/07/06,268.49,1164.25,2068.76,1.1076,52.48
2015/07/07,264.96,1166.25,2081.34,1.0952,52.33
2015/07/08,269.65,1154.25,2046.68,1.1072,51.61
2015/07/09,268.11,1162.1,2051.31,1.1025,52.76
2015/07/10,283.88,1162.4,2076.62,1.115,52.74
2015/07/11,291.69,NA,NA,NA,NA
2015/07/12,309.98,NA,NA,NA,NA
2015/07/13,290.88,1154.95,2099.6,1.102,52.19
2015/07/14,286.19,1153.2,2108.95,1.1015,53.05
2015/07/15,283.82,1154.75,2107.4,1.0965,51.4
2015/07/16,277.83,1145.1,2124.29,1.0898,50.9
2015/07/17,278.49,1143,2126.64,1.0848,50.88
2015/07/18,274.49,NA,NA,NA,NA
2015/07/19,272.49,NA,NA,NA,NA
2015/07/20,278.41,1115,2128.28,1.085,50.11
2015/07/21,275.1,1108,2119.21,1.0927,50.59
2015/07/22,276.62,1096.8,2114.15,1.0884,49.27
2015/07/23,275.63,1101.65,2102.15,1.0976,48.11
2015/07/24,287.97,1083.75,2079.65,1.0976,47.98
2015/07/25,288.13,NA,NA,NA,NA
2015/07/26,291.64,NA,NA,NA,NA
2015/07/27,292.73,1098.6,2067.64,1.1112,47.17
2015/07/28,293.79,1095.6,2093.25,1.1055,47.97
2015/07/29,288.77,1096.75,2108.57,1.1026,48.77
2015/07/30,287.29,1085.65,2108.63,1.0914,48.53
2015/07/31,283.94,1080.05,2103.84,1.1028,47.11
2015/08/01,280.04,NA,NA,NA,NA
2015/08/02,281.65,NA,NA,NA,NA
2015/08/03,280.48,1093,2098.04,1.0962,45.25
2015/08/04,284.5,1092.6,2093.32,1.0953,45.75
2015/08/05,281.38,1086.5,2099.84,1.0868,45.13
2015/08/06,278.25,1085,2083.56,1.0922,44.69
2015/08/07,279.03,1091.35,2077.57,1.0958,43.87
2015/08/08,260.2,NA,NA,NA,NA
2015/08/09,264.44,NA,NA,NA,NA
2015/08/10,263.76,1094.8,2104.18,1.0994,44.94
2015/08/11,270.92,1113.25,2084.07,1.1042,43.11
2015/08/12,265.64,1116.8,2086.05,1.1198,43.22
2015/08/13,263.34,1117.35,2083.39,1.1144,42.27
2015/08/14,264.87,1116.75,2091.54,1.111,42.45
2015/08/15,260.73,NA,NA,NA,NA
2015/08/16,257.67,NA,NA,NA,NA
2015/08/17,256.98,1117.3,2102.44,1.1078,41.93
2015/08/18,219,1119.15,2096.92,1.1028,42.58
2015/08/19,225.39,1123.2,2079.61,1.1061,40.75
2015/08/20,234.69,1137.95,2035.73,1.12,41
2015/08/21,231.94,1149.35,1970.89,1.1356,40.45
2015/08/22,229.74,NA,NA,NA,NA
2015/08/23,227.59,NA,NA,NA,NA
2015/08/24,209.13,1153.5,1893.21,1.158,38.22
2015/08/25,221.71,1154.25,1867.61,1.141,39.15
2015/08/26,225.38,1134.4,1940.51,1.139,38.5
2015/08/27,224.26,1128.5,1987.66,1.1239,42.47
2015/08/28,230.98,1125.5,1988.87,1.1172,45.29
2015/08/29,229.76,NA,NA,NA,NA
2015/08/30,228.61,NA,NA,NA,NA
2015/08/31,230.02,NA,1972.18,1.1194,49.2
2015/09/01,227.35,1141.9,1913.85,1.1263,45.38
2015/09/02,228.86,1140,1948.86,1.1242,46.3
2015/09/03,226.76,1130.05,1951.13,1.1104,46.75
2015/09/04,230.09,1125,1921.22,1.1117,46.02
2015/09/05,234.68,NA,NA,NA,NA
2015/09/06,239.44,NA,NA,NA,NA
2015/09/07,240.02,1121,NA,NA,NA
2015/09/08,243.55,1120.85,1969.41,1.1182,45.92
2015/09/09,238.29,1122.3,1942.04,1.1165,44.13
2015/09/10,238.59,1107.75,1952.29,1.1262,45.85
2015/09/11,240.08,1106.35,1961.05,1.1338,44.75
2015/09/12,234.82,NA,NA,NA,NA
2015/09/13,230.33,NA,NA,NA,NA
2015/09/14,230.24,1108,1953.03,1.1307,44.07
2015/09/15,229.92,1105.5,1978.09,1.126,44.58
2015/09/16,228.8,1109.75,1995.31,1.1304,47.12
2015/09/17,232.79,1118.15,1990.2,1.1312,46.93
2015/09/18,232.72,1136,1958.03,1.1358,44.71
2015/09/19,231.24,NA,NA,NA,NA
2015/09/20,230.86,NA,NA,NA,NA
2015/09/21,226.61,1136.85,1966.97,1.1204,46.67
2015/09/22,230.52,1129.3,1942.74,1.1133,46.17
2015/09/23,229.96,1124.6,1938.76,1.116,44.53
2015/09/24,234.28,1134.45,1932.24,1.1252,44.94
2015/09/25,234.84,1145.5,1931.34,1.1192,45.55
2015/09/26,234.21,NA,NA,NA,NA
2015/09/27,232.85,NA,NA,NA,NA
2015/09/28,239.34,1137.5,1881.77,1.1236,44.4
2015/09/29,236.62,1124.6,1884.09,1.1246,45.24
2015/09/30,236.25,1122.5,1920.03,1.1162,45.06
2015/10/01,237.57,1114.2,1923.82,1.12,44.75
2015/10/02,237.4,1106.3,1951.36,1.1276,45.54
2015/10/03,239.09,NA,NA,NA,NA
2015/10/04,238.69,NA,NA,NA,NA
2015/10/05,240.59,1134.35,1987.05,1.12,46.28
2015/10/06,246.42,1136.9,1979.92,1.1266,48.53
2015/10/07,243.27,1147.9,1995.83,1.1249,47.86
2015/10/08,242.69,1143.3,2013.43,1.1282,49.46
2015/10/09,244.32,1151.5,2014.89,1.1363,49.67
2015/10/10,245.33,NA,NA,NA,NA
2015/10/11,247.53,NA,NA,NA,NA
2015/10/12,245.59,1164.2,2017.46,NA,47.09
2015/10/13,249.94,1154.4,2003.69,1.1382,46.7
2015/10/14,252.59,1173.7,1994.24,1.1437,46.63
2015/10/15,254.81,1183.35,2023.86,1.1418,46.38
2015/10/16,262.94,1176.35,2033.11,1.136,47.3
2015/10/17,271.2,NA,NA,NA,NA
2015/10/18,262.9,NA,NA,NA,NA
2015/10/19,264.42,1171.65,2033.66,1.132,45.91
2015/10/20,270.22,1173.7,2030.77,1.1359,45.84
2015/10/21,267.33,1174.4,2018.94,1.1345,45.22
2015/10/22,274.41,1166.45,2052.51,1.114,44.9
2015/10/23,277.46,1171.55,2075.15,1.1016,43.91
2015/10/24,282.66,NA,NA,NA,NA
2015/10/25,283.07,NA,NA,NA,NA
2015/10/26,286.13,1168.5,2071.18,1.1051,43.19
2015/10/27,294.4,1165.75,2065.89,1.1052,43.21
2015/10/28,303.89,1171.5,2090.35,1.1066,45.93
2015/10/29,313.59,1159,2089.41,1.0963,46.02
2015/10/30,326,1147.75,2079.36,1.1042,46.6
2015/10/31,312.43,NA,NA,NA,NA
2015/11/01,325.08,NA,NA,NA,NA
2015/11/02,359.35,1135.8,2104.05,1.1026,46.12
2015/11/03,400.71,1130.9,2109.79,1.0946,47.88
2015/11/04,408.74,1118,2102.31,1.0861,46.32
2015/11/05,387.51,1107.3,2099.93,1.0869,45.27
2015/11/06,374.95,1107.7,2099.2,1.0746,44.32
2015/11/07,384.8,NA,NA,NA,NA
2015/11/08,373.49,NA,NA,NA,NA
2015/11/09,380.04,1095.6,2078.58,1.0767,43.87
2015/11/10,337.93,1092.5,2081.72,1.0686,44.23
2015/11/11,312.58,1088.6,2075,NA,42.95
2015/11/12,336.86,1087.6,2045.97,1.0768,41.74
2015/11/13,337.29,1083.75,2023.04,1.0722,40.69
2015/11/14,333.55,NA,NA,NA,NA
2015/11/15,319.93,NA,NA,NA,NA
2015/11/16,331.59,1094.5,2053.19,1.0708,41.68
2015/11/17,335.77,1080.8,2050.44,1.0634,40.73
2015/11/18,334.97,1070.5,2083.58,1.0638,40.75
2015/11/19,326.31,1073.1,2081.24,1.0746,40.55
2015/11/20,321.99,1085.15,2089.17,1.066,39.39
2015/11/21,327.17,NA,NA,NA,NA
2015/11/22,324.34,NA,NA,NA,NA
2015/11/23,323.26,1068.35,2086.59,1.0602,39.27
2015/11/24,320.16,1073,2089.14,1.0652,40.89
2015/11/25,328.98,1072.2,2088.87,1.0616,41.22
2015/11/26,353.3,1070.5,NA,NA,NA
2015/11/27,358.18,1064.65,2090.11,1.0596,40.57
2015/11/28,357.66,NA,NA,NA,NA
2015/11/29,371.86,NA,NA,NA,NA
2015/11/30,376.91,1055.65,2080.41,1.0562,40.43
2015/12/01,362.73,1069.25,2102.63,1.062,40.58
2015/12/02,359.43,1066.9,2079.51,1.0573,39.93
2015/12/03,361.31,1050.6,2049.62,1.0902,41.08
2015/12/04,363.48,1063,2091.69,1.0884,40
2015/12/05,388.86,NA,NA,NA,NA
2015/12/06,388.46,NA,NA,NA,NA
2015/12/07,395.86,1082.7,2077.07,1.084,37.64
2015/12/08,418.14,1071.75,2063.59,1.0876,37.46
2015/12/09,418.04,1078.4,2047.62,1.0984,37.16
2015/12/10,415.25,1072,2052.23,1.0948,36.76
2015/12/11,453.9,1067.2,2012.37,1.1002,35.65
2015/12/12,435.9,NA,NA,NA,NA
2015/12/13,433.54,NA,NA,NA,NA
2015/12/14,443.84,1068,2021.94,1.1025,36.31
2015/12/15,465.5,1069.15,2043.41,1.0911,37.32
2015/12/16,455.37,1065.75,2073.07,1.0937,35.55
2015/12/17,455.99,1065.85,2041.89,1.0804,34.98
2015/12/18,463.84,1055.25,2005.55,1.0847,34.72
2015/12/19,462.23,NA,NA,NA,NA
2015/12/20,442.5,NA,NA,NA,NA
2015/12/21,437.76,1071.15,2021.15,1.092,34.55
2015/12/22,435.5,1077,2038.97,1.0978,36.12
2015/12/23,442.84,1071.5,2064.29,1.0875,36.76
2015/12/24,454.85,1071.9,2060.99,1.0955,37.62
2015/12/25,455.31,NA,NA,NA,NA
2015/12/26,417.22,NA,NA,NA,NA
2015/12/27,422.52,NA,NA,NA,NA
2015/12/28,421.26,NA,2056.5,1.0983,36.36
2015/12/29,432.62,1067.25,2078.36,1.0916,37.88
2015/12/30,426.14,1067.8,2063.36,1.0912,36.59
2015/12/31,430.05,1062.25,2043.94,1.0859,37.13
2016/01/01,434.46,NA,NA,NA,NA
2016/01/02,433.59,NA,NA,NA,NA
2016/01/03,430.36,NA,NA,NA,NA
2016/01/04,433.49,1072.7,2012.66,1.0803,36.81
2016/01/05,432.25,1078,2016.71,1.0743,35.97
2016/01/06,429.46,1083.85,1990.26,1.0762,33.97
2016/01/07,458.28,1096,1943.09,1.086,33.29
2016/01/08,453.37,1097.45,1922.03,1.0885,33.2
2016/01/09,449.14,NA,NA,NA,NA
2016/01/10,448.96,NA,NA,NA,NA
2016/01/11,448.38,1104.7,1923.67,1.0878,31.42
2016/01/12,432.88,1094.85,1938.68,1.0837,30.42
2016/01/13,432.04,1081.8,1890.28,1.0862,30.42
2016/01/14,429.73,1090.75,1921.84,1.0862,31.22
2016/01/15,358.77,1081.1,1880.33,1.0964,29.45
2016/01/16,387.66,NA,NA,NA,NA
2016/01/17,380.21,NA,NA,NA,NA
2016/01/18,385.84,1090.45,NA,NA,NA
2016/01/19,377.74,1087,1881.33,1.0906,28.47
2016/01/20,418.74,1093.2,1859.33,1.0908,26.68
2016/01/21,409.94,1096.8,1868.99,1.0833,29.55
2016/01/22,381.76,1097.65,1906.9,1.0814,32.07
2016/01/23,386.19,NA,NA,NA,NA
2016/01/24,402.61,NA,NA,NA,NA
2016/01/25,390.66,1103.7,1877.08,1.0832,30.31
2016/01/26,391.43,1114.7,1903.63,1.0846,29.54
2016/01/27,394.63,1116.5,1882.95,1.0867,32.32
2016/01/28,379.38,1119,1893.36,1.0952,33.21
2016/01/29,378.2,1112.9,1940.24,1.0832,33.66
2016/01/30,376.94,NA,NA,NA,NA
2016/01/31,367.13,NA,NA,NA,NA
2016/02/01,371.25,1122,1939.38,1.0888,31.62
2016/02/02,372.88,1123.6,1903.03,1.0908,29.9
2016/02/03,368.93,1130,1912.53,1.1051,32.29
2016/02/04,388.61,1146.25,1915.45,1.1199,31.63
2016/02/05,385.34,1158.5,1880.05,1.1131,30.86
2016/02/06,375.4,NA,NA,NA,NA
2016/02/07,375.28,NA,NA,NA,NA
2016/02/08,371.1,1173.4,1853.44,1.117,29.71
2016/02/09,373.32,1188.9,1852.21,1.13,27.96
2016/02/10,379.96,1183.4,1851.86,1.1222,27.54
2016/02/11,377.72,1223.25,1829.08,1.1362,26.19
2016/02/12,383.13,1239.5,1864.78,1.1235,29.32
2016/02/13,392.18,NA,NA,NA,NA
2016/02/14,406.74,NA,NA,NA,NA
2016/02/15,399.48,1208.45,NA,NA,NA
2016/02/16,407.36,1212,1895.58,1.114,29.05
2016/02/17,415.56,1202.4,1926.82,1.114,30.68
2016/02/18,421.64,1204.4,1917.83,1.1092,30.77
2016/02/19,420.33,1221.5,1917.78,1.1127,29.59
2016/02/20,436.52,NA,NA,NA,NA
2016/02/21,438.98,NA,NA,NA,NA
2016/02/22,438.07,1203.65,1945.5,1.1018,31.37
2016/02/23,419.98,1218.75,1921.27,1.1016,31.84
2016/02/24,424.36,1232.25,1929.8,1.1021,30.35
2016/02/25,423.52,1235.4,1951.7,1.1026,31.4
2016/02/26,432.06,1231,1948.05,1.0932,31.65
2016/02/27,432.14,NA,NA,NA,NA
2016/02/28,432.64,NA,NA,NA,NA
2016/02/29,436.61,1234.15,1932.23,1.0868,32.74
2016/03/01,433.64,1240,1978.35,1.0847,34.39
2016/03/02,421.6,1229.35,1986.45,1.0845,34.57
2016/03/03,419.47,1241.95,1993.4,1.0948,34.56
2016/03/04,407.98,1271.5,1999.99,1.101,35.91
2016/03/05,397.83,NA,NA,NA,NA
2016/03/06,404.55,NA,NA,NA,NA
2016/03/07,412.98,1267.6,2001.76,1.1004,37.9
2016/03/08,411.76,1274.1,1979.26,1.1028,36.67
2016/03/09,412.62,1258.25,1989.26,1.1022,37.62
2016/03/10,416.16,1247.25,1989.57,1.1162,37.77
2016/03/11,419.89,1262.25,2022.19,1.118,38.51
2016/03/12,410.13,NA,NA,NA,NA
2016/03/13,412.29,NA,NA,NA,NA
2016/03/14,415.09,1256.55,2019.64,1.1107,37.2
2016/03/15,415.38,1233.6,2015.93,1.1112,36.32
2016/03/16,416.25,1233.1,2027.22,1.1075,38.43
2016/03/17,418.45,1269.6,2040.59,1.1316,40.17
2016/03/18,408.04,1254.5,2049.58,1.1292,39.47
2016/03/19,408.52,NA,NA,NA,NA
2016/03/20,410.75,NA,NA,NA,NA
2016/03/21,411.42,1244.25,2051.6,1.126,39.91
2016/03/22,416.93,1251.8,2049.8,1.1228,41.45
2016/03/23,417.39,1232.2,2036.71,1.1174,38.28
2016/03/24,414.34,1216.45,2035.94,1.1163,38.14
2016/03/25,415.69,NA,NA,1.1164,NA
2016/03/26,416.73,NA,NA,NA,NA
2016/03/27,425.38,NA,NA,NA,NA
2016/03/28,422.76,NA,2037.05,1.121,37.99
2016/03/29,415.55,1216.45,2055.01,1.1204,36.91
2016/03/30,412.69,1238.2,2063.95,1.133,36.91
2016/03/31,415.16,1233.6,2059.74,1.139,36.94
2016/04/01,417.01,1232.1,2072.78,1.1385,35.36
2016/04/02,419.69,NA,NA,NA,NA
2016/04/03,419.38,NA,NA,NA,NA
2016/04/04,419.42,1215,2066.13,1.1386,34.3
2016/04/05,422.65,1231.5,2045.17,1.1374,34.52
2016/04/06,421.7,1225.75,2066.66,1.143,37.74
2016/04/07,421.2,1237.5,2041.91,1.1386,37.3
2016/04/08,418.09,1235,2047.6,1.1406,39.74
2016/04/09,418.42,NA,NA,NA,NA
2016/04/10,421.11,NA,NA,NA,NA
2016/04/11,422.99,1247.25,2041.99,1.1412,40.46
2016/04/12,425.99,1259.2,2061.72,1.1395,42.12
2016/04/13,424.4,1245.75,2082.42,1.1281,41.7
2016/04/14,425.11,1240.3,2082.78,1.1262,41.45
2016/04/15,429.98,1229.75,2080.73,1.1295,40.4
2016/04/16,430.84,NA,NA,NA,NA
2016/04/17,427.86,NA,NA,NA,NA
2016/04/18,429.05,1237.7,2094.34,1.1322,39.74
2016/04/19,436.1,1241.7,2100.8,1.1375,40.88
2016/04/20,442.16,1247.75,2102.4,1.133,42.72
2016/04/21,451.1,1257.65,2091.48,1.1301,43.18
2016/04/22,447.64,1245.4,2091.58,1.1239,42.76
2016/04/23,452.58,NA,NA,NA,NA
2016/04/24,460.33,NA,NA,NA,NA
2016/04/25,462.51,1230.85,2087.79,1.1274,41.67
2016/04/26,467.8,1234.5,2091.7,1.1318,42.52
2016/04/27,445.01,1244.75,2095.15,1.1322,45.29
2016/04/28,449.86,1256.6,2075.81,1.1325,46.03
2016/04/29,456.35,1274.5,2065.3,1.1441,45.98
2016/04/30,449.33,NA,NA,NA,NA
2016/05/01,453.04,NA,NA,NA,NA
2016/05/02,444.51,NA,2081.43,1.1516,44.75
2016/05/03,450.27,1296.5,2063.37,1.1508,43.65
2016/05/04,446.96,1280.3,2051.12,1.1486,43.77
2016/05/05,448.53,1275.75,2050.63,1.1404,44.33
2016/05/06,460.37,1280.25,2057.14,1.1421,44.58
2016/05/07,459.46,NA,NA,NA,NA
2016/05/08,459.44,NA,NA,NA,NA
2016/05/09,461.49,1277.75,2058.69,1.1402,43.45
2016/05/10,450.99,1264.85,2084.39,1.1386,44.68
2016/05/11,452.11,1271.8,2064.46,1.1444,46.21
2016/05/12,454.82,1268.3,2064.11,1.138,46.64
2016/05/13,455.73,1275.15,2046.61,1.1294,46.22
2016/05/14,455.75,NA,NA,NA,NA
2016/05/15,457.85,NA,NA,NA,NA
2016/05/16,453.41,1281,2066.66,1.1328,47.72
2016/05/17,452.75,1270.1,2047.21,1.1337,48.29
2016/05/18,453.38,1270.9,2047.63,1.1276,48.12
2016/05/19,436.73,1253.75,2040.04,1.1214,48.16
2016/05/20,442.95,1256.5,2052.32,1.1207,47.67
2016/05/21,443.13,NA,NA,NA,NA
2016/05/22,438.77,NA,NA,NA,NA
2016/05/23,443.73,1250.4,2048.04,1.1192,48.12
2016/05/24,445.13,1242.65,2076.06,1.1145,48.04
2016/05/25,449.23,1220.75,2090.54,1.1154,49.1
2016/05/26,453.82,1226.65,2090.1,1.1184,49
2016/05/27,473.47,1221.25,2099.06,1.114,49.36
2016/05/28,525.43,NA,NA,NA,NA
2016/05/29,524.08,NA,NA,NA,NA
2016/05/30,532.59,NA,NA,NA,NA
2016/05/31,531.8,1210.5,2096.96,1.1135,49.1
2016/06/01,536.42,1216.25,2099.33,1.1165,49.07
2016/06/02,538.14,1215.5,2105.26,1.1157,49.14
2016/06/03,570.47,1211,2099.13,1.133,48.69
2016/06/04,573.45,NA,NA,NA,NA
2016/06/05,574.11,NA,NA,NA,NA
2016/06/06,585.53,1240.55,2109.41,1.1354,49.71
2016/06/07,577.86,1241.1,2112.13,1.135,50.37
2016/06/08,583.1,1252.4,2119.12,1.14,51.23
2016/06/09,576.45,1258.35,2115.48,1.1329,50.52
2016/06/10,579.13,1266.6,2096.07,1.1281,49.09
2016/06/11,611.78,NA,NA,NA,NA
2016/06/12,675.34,NA,NA,NA,NA
2016/06/13,705.62,1284.1,2079.06,1.1282,48.89
2016/06/14,685.99,1279.4,2075.32,1.1206,48.49
2016/06/15,696.32,1282,2071.5,1.1239,47.92
2016/06/16,768.24,1307,2077.99,1.1158,46.14
2016/06/17,747.55,1284.5,2071.22,1.1256,48
2016/06/18,755.68,NA,NA,NA,NA
2016/06/19,764.04,NA,NA,NA,NA
2016/06/20,727.95,1283.25,2083.25,1.1318,49.4
2016/06/21,665.88,1280.8,2088.9,1.1262,48.95
2016/06/22,602.89,1265,2085.45,1.1286,49.16
2016/06/23,625.49,1265.75,2113.32,1.1373,49.34
2016/06/24,665.16,1313.85,2037.41,1.1126,46.7
2016/06/25,665.33,NA,NA,NA,NA
2016/06/26,630.25,NA,NA,NA,NA
2016/06/27,658.4,1324.6,2000.54,1.1024,45.8
2016/06/28,646.3,1312,2036.09,1.1054,47.93
2016/06/29,639.08,1317.75,2070.77,1.1117,49.85
2016/06/30,672.48,1317,2098.86,1.1032,48.27
2016/07/01,676.52,1331.75,2102.95,1.1145,49.02
2016/07/02,703.69,NA,NA,NA,NA
2016/07/03,659.69,NA,NA,NA,NA
2016/07/04,681.63,1348.75,NA,NA,NA
2016/07/05,668.09,1344.75,2088.55,1.108,46.73
2016/07/06,676.11,1370,2099.73,1.1077,47.37
2016/07/07,639.76,1367.1,2097.9,1.1065,45.22
2016/07/08,664.74,1356.1,2129.9,1.1038,45.37
2016/07/09,650.63,NA,NA,NA,NA
2016/07/10,649.96,NA,NA,NA,NA
2016/07/11,649.03,1358.25,2137.16,1.1045,44.73
2016/07/12,664.84,1352.85,2152.14,1.1074,46.82
2016/07/13,653.93,1340.25,2152.43,1.1112,44.87
2016/07/14,659.64,1325.7,2163.75,1.1109,45.64
2016/07/15,664.88,1330.5,2161.74,1.1059,45.93
2016/07/16,663.54,NA,NA,NA,NA
2016/07/17,679.05,NA,NA,NA,NA
2016/07/18,673.59,1326.15,2166.89,1.1076,45.23
2016/07/19,673.84,1332.2,2163.78,1.1014,44.64
2016/07/20,666.18,1325.6,2173.02,1.1007,44.96
2016/07/21,665.1,1322,2165.17,1.1016,43.96
2016/07/22,650.82,1323.2,2175.03,1.0968,43.41
2016/07/23,654.86,NA,NA,NA,NA
2016/07/24,661.05,NA,NA,NA,NA
2016/07/25,655.13,1315,2168.48,1.098,42.4
2016/07/26,651.08,1321.25,2169.18,1.0984,42.16
2016/07/27,655.44,1320.8,2166.58,1.0988,41.9
2016/07/28,655.63,1341.3,2170.06,1.1094,41.13
2016/07/29,656.67,1332.5,2173.6,1.1168,41.54
2016/07/30,654.98,NA,NA,NA,NA
2016/07/31,625.88,NA,NA,NA,NA
2016/08/01,607.37,1348.85,2170.84,1.1176,40.05
2016/08/02,552.82,1358.15,2157.03,1.1225,39.5
2016/08/03,565.26,1364.4,2163.79,1.117,40.8
2016/08/04,578.32,1351.15,2164.25,1.1134,41.92
2016/08/05,574.96,1362.6,2182.87,1.108,41.83
2016/08/06,588.42,NA,NA,NA,NA
2016/08/07,592.78,NA,NA,NA,NA
2016/08/08,590.62,1330,2180.89,1.1078,43.06
2016/08/09,584.76,1332.9,2181.74,1.111,42.78
2016/08/10,592.89,1351.85,2175.49,1.1171,41.75
2016/08/11,586.52,1344.55,2185.79,1.1168,43.51
2016/08/12,586.03,1336.7,2184.05,1.1172,44.47
2016/08/13,585.08,NA,NA,NA,NA
2016/08/14,571.44,NA,NA,NA,NA
2016/08/15,567.2,1339.2,2190.15,1.1199,45.72
2016/08/16,576.25,1349.1,2178.15,1.1277,46.57
2016/08/17,571.74,1342.75,2182.22,1.1263,46.81
2016/08/18,572.5,1347.1,2187.02,1.1334,48.2
2016/08/19,573.66,1346.85,2183.87,1.1326,48.48
2016/08/20,580.7,NA,NA,NA,NA
2016/08/21,580.69,NA,NA,NA,NA
2016/08/22,584.73,1334.3,2182.64,1.1314,46.8
2016/08/23,581.28,1338.5,2186.9,1.1308,47.54
2016/08/24,577.99,1337.3,2175.44,1.1256,46.29
2016/08/25,575.73,1324.5,2172.47,1.1274,46.97
2016/08/26,578.16,1324.9,2169.04,1.1237,47.64
2016/08/27,568.67,NA,NA,NA,NA
2016/08/28,573.55,NA,NA,NA,NA
2016/08/29,572.36,NA,2180.38,1.1182,46.97
2016/08/30,576,1318.85,2176.12,1.115,46.32
2016/08/31,572.33,1314.45,2170.95,1.1146,44.68
2016/09/01,571.69,1305.7,2170.86,1.1194,43.17
2016/09/02,574.15,1311.5,2179.98,1.1158,44.39
2016/09/03,598.38,NA,NA,NA,NA
2016/09/04,608.92,NA,NA,NA,NA
2016/09/05,606.03,1328.3,NA,NA,NA
2016/09/06,611.07,1330.05,2186.48,1.1237,44.85
2016/09/07,614.79,1348.75,2186.16,1.1238,45.47
2016/09/08,624.95,1348,2181.3,1.1256,47.63
2016/09/09,621.8,1335.65,2127.81,1.1214,45.88
2016/09/10,622.21,NA,NA,NA,NA
2016/09/11,605.81,NA,NA,NA,NA
2016/09/12,606.31,1327.5,2159.04,1.123,46.28
2016/09/13,606.92,1328.5,2127.02,1.1242,44.91
2016/09/14,608.22,1323.2,2125.77,1.1271,43.62
2016/09/15,605.21,1320.1,2147.26,1.1246,43.85
2016/09/16,606.33,1314.25,2139.16,1.116,43.04
2016/09/17,605.29,NA,NA,NA,NA
2016/09/18,608.7,NA,NA,NA,NA
2016/09/19,608.53,1315.05,2139.12,1.1179,43.34
2016/09/20,599.47,1315.4,2139.76,1.1172,43.85
2016/09/21,595.8,1319.6,2163.12,1.1165,45.33
2016/09/22,595.03,1332.45,2177.18,1.1229,46.1
2016/09/23,601.71,1335.9,2164.69,1.1223,44.36
2016/09/24,601.34,NA,NA,NA,NA
2016/09/25,599.18,NA,NA,NA,NA
2016/09/26,606.81,1336.3,2146.1,1.127,45.6
2016/09/27,604.76,1335.85,2159.93,1.1208,44.65
2016/09/28,603.52,1324.8,2171.37,1.12,47.07
2016/09/29,605.06,1320.85,2151.13,1.1244,47.72
2016/09/30,608.44,1327.9,2168.27,1.1238,47.72
2016/10/01,613.93,NA,NA,NA,NA
2016/10/02,610.29,NA,NA,NA,NA
2016/10/03,612.34,1318.65,2161.2,1.121,48.8
2016/10/04,609.37,1309.15,2150.49,1.1212,48.67
2016/10/05,610.88,1274,2159.73,1.1196,49.75
2016/10/06,610.9,1265.5,2160.77,1.1158,50.44
2016/10/07,616.49,1255,2153.74,1.1156,49.76
2016/10/08,616.6,NA,NA,NA,NA
2016/10/09,614.62,NA,NA,NA,NA
2016/10/10,617.42,1262.1,2163.66,NA,49.76
2016/10/11,639.37,1256.4,2136.73,1.1062,50.72
2016/10/12,635.08,1255.7,2139.18,1.1014,50.14
2016/10/13,635.02,1258,2132.55,1.1038,50.47
2016/10/14,638.37,1256.15,2132.98,1.0985,50.35
2016/10/15,637.37,NA,NA,NA,NA
2016/10/16,639.83,NA,NA,NA,NA
2016/10/17,636.92,1252.7,2126.5,1.1,49.97
2016/10/18,635.51,1261.65,2139.6,1.0997,50.3
2016/10/19,628.15,1269.75,2144.29,1.0966,51.59
2016/10/20,628.62,1269.2,2141.34,1.0934,50.31
2016/10/21,630.15,1263.95,2141.16,1.0866,50.61
2016/10/22,652.71,NA,NA,NA,NA
2016/10/23,649.24,NA,NA,NA,NA
2016/10/24,648.4,1267,2151.33,1.0888,50.18
2016/10/25,652.89,1269.3,2143.16,1.089,49.45
2016/10/26,674.36,1273.9,2139.43,1.0916,48.75
2016/10/27,686.52,1269.3,2133.04,1.0904,49.71
2016/10/28,688.1,1265.9,2126.41,1.0934,48.72
2016/10/29,712.87,NA,NA,NA,NA
2016/10/30,696.35,NA,NA,NA,NA
2016/10/31,697.37,1274.2,2126.15,1.0962,46.83
2016/11/01,729.27,1284.4,2111.72,1.1042,46.66
2016/11/02,742.46,1295.85,2097.94,1.1119,45.32
2016/11/03,687.51,1293,2088.66,1.1094,44.66
2016/11/04,702.54,1301.7,2085.18,1.1121,44.07
2016/11/05,704.16,NA,NA,NA,NA
2016/11/06,712.24,NA,NA,NA,NA
2016/11/07,704.02,1286.8,2131.52,1.1038,44.88
2016/11/08,709.15,1284,2139.56,1.1034,44.96
2016/11/09,721.19,1304.55,2163.26,1.0952,45.2
2016/11/10,713.67,1280.9,2167.48,1.0882,44.62
2016/11/11,716.56,1255.65,2164.45,NA,43.39
2016/11/12,703.55,NA,NA,NA,NA
2016/11/13,702.5,NA,NA,NA,NA
2016/11/14,706.39,1222.6,2164.2,1.0723,43.29
2016/11/15,711.96,1228.9,2180.39,1.0726,45.86
2016/11/16,742.07,1225.7,2176.94,1.0699,45.56
2016/11/17,735.41,1232,2187.12,1.0656,45.37
2016/11/18,749.68,1206.1,2181.9,1.06,45.69
2016/11/19,750.63,NA,NA,NA,NA
2016/11/20,728.61,NA,NA,NA,NA
2016/11/21,736.72,1214.95,2198.18,1.0597,47.48
2016/11/22,748.22,1217.55,2202.94,1.0618,48.07
2016/11/23,741.6,1213.25,2204.72,1.056,46.72
2016/11/24,736.4,1187.25,NA,NA,NA
2016/11/25,738.28,1187.5,2213.35,1.0595,46.72
2016/11/26,732.82,NA,NA,NA,NA
2016/11/27,728.42,NA,NA,NA,NA
2016/11/28,731.75,1189.1,2201.72,1.0576,45.66
2016/11/29,731.76,1187.3,2204.66,1.0626,45.29
2016/11/30,742.01,1187.4,2198.81,1.0578,49.41
2016/12/01,753.25,1168.75,2191.08,1.0634,51.08
2016/12/02,771.41,1171.65,2191.95,1.0666,51.7
2016/12/03,764.97,NA,NA,NA,NA
2016/12/04,766.46,NA,NA,NA,NA
2016/12/05,750.71,1164.9,2204.71,1.0723,51.72
2016/12/06,758.81,1171.15,2212.23,1.0717,50.95
2016/12/07,763.9,1171.25,2241.35,1.0758,49.85
2016/12/08,766.75,1174.75,2246.19,1.0625,50.84
2016/12/09,770.41,1168.9,2259.53,1.0541,51.51
2016/12/10,773.21,NA,NA,NA,NA
2016/12/11,768.62,NA,NA,NA,NA
2016/12/12,777.91,1154.4,2256.96,1.0606,52.74
2016/12/13,775.25,1157.35,2271.72,1.0635,52.99
2016/12/14,776.64,1160.95,2253.28,1.0656,51.01
2016/12/15,775.48,1132.45,2262.03,1.0375,50.9
2016/12/16,780.85,1134.85,2258.07,1.0456,51.93
2016/12/17,788.58,NA,NA,NA,NA
2016/12/18,788.59,NA,NA,NA,NA
2016/12/19,790.16,1137.6,2262.53,1.0444,52.13
2016/12/20,798.78,1132.75,2270.76,1.039,52.22
2016/12/21,833.1,1134.4,2265.18,1.0425,51.44
2016/12/22,858.74,1130.55,2260.96,1.0452,51.98
2016/12/23,916.79,1131,2263.79,1.0449,52.01
2016/12/24,894.2,NA,NA,NA,NA
2016/12/25,894.48,NA,NA,NA,NA
2016/12/26,902.55,NA,NA,NA,NA
2016/12/27,931.11,NA,2268.88,1.0458,52.82
2016/12/28,978.01,1139.75,2249.92,1.0389,54.01
2016/12/29,969.62,1146.8,2249.26,1.0486,53.8
2016/12/30,960.47,1159.1,2238.83,1.0552,53.75
2016/12/31,968.23,NA,NA,NA,NA
2017/01/01,997.69,NA,NA,NA,NA
2017/01/02,1018.05,NA,NA,NA,NA
2017/01/03,1030.82,1148.65,2257.83,1.0416,52.36
2017/01/04,1129.87,1165.9,2270.75,1.0476,53.26
2017/01/05,1005.81,1173.05,2269,1.0598,53.77
2017/01/06,895.67,1178,2276.98,1.056,53.98
2017/01/07,905.17,NA,NA,NA,NA
2017/01/08,913.52,NA,NA,NA,NA
2017/01/09,899.35,1176.1,2268.9,1.0576,51.95
2017/01/10,904.79,1183.2,2268.9,1.0572,50.82
2017/01/11,775.98,1187.55,2275.32,1.0501,52.19
2017/01/12,802.83,1206.65,2270.44,1.0666,53.01
2017/01/13,826.12,1196.35,2274.64,1.0625,52.36
2017/01/14,818.64,NA,NA,NA,NA
2017/01/15,822.42,NA,NA,NA,NA
2017/01/16,830.26,1202.75,NA,NA,NA
2017/01/17,904.45,1217.5,2267.89,1.0695,52.45
2017/01/18,884.25,1212.5,2271.89,1.0682,51.12
2017/01/19,898.02,1203.35,2263.69,1.063,51.39
2017/01/20,891.62,1199.1,2271.31,NA,52.33
2017/01/21,920.01,NA,NA,NA,NA
2017/01/22,925.33,NA,NA,NA,NA
2017/01/23,912.69,1213.75,2265.2,1.074,52.77
2017/01/24,885.65,1213.3,2280.07,1.0749,52.38
2017/01/25,894.11,1203.5,2298.37,1.0743,52.14
2017/01/26,915.1,1191.55,2296.68,1.067,53.24
2017/01/27,918.56,1184.2,2294.69,1.069,53.18
2017/01/28,920.28,NA,NA,NA,NA
2017/01/29,914.04,NA,NA,NA,NA
2017/01/30,920.24,1189.85,2280.9,1.0681,52.63
2017/01/31,967.67,1198.8,2278.87,1.0794,52.75
2017/02/01,987.35,1210,2279.55,1.0758,53.9
2017/02/02,1007.79,1224.05,2280.85,1.0802,53.55
2017/02/03,1018.11,1213.05,2297.42,1.0792,53.81
2017/02/04,1033.65,NA,NA,NA,NA
2017/02/05,1013.99,NA,NA,NA,NA
2017/02/06,1024.61,1221.85,2292.56,1.0731,53.01
2017/02/07,1052.54,1231,2293.08,1.069,52.19
2017/02/08,1054.34,1235.6,2294.67,1.0708,52.37
2017/02/09,988.95,1241.75,2307.87,1.0658,52.99
2017/02/10,993.08,1225.75,2316.1,1.065,53.84
2017/02/11,1010,NA,NA,NA,NA
2017/02/12,999.51,NA,NA,NA,NA
2017/02/13,996.86,1229.4,2328.25,1.0603,52.96
2017/02/14,1009.25,1229.65,2337.58,1.0577,53.21
2017/02/15,1009.12,1225.15,2349.25,1.0597,53.11
2017/02/16,1034.08,1236.75,2347.22,1.066,53.41
2017/02/17,1053.12,1241.4,2351.16,1.0614,53.41
2017/02/18,1058.41,NA,NA,NA,NA
2017/02/19,1052.82,NA,NA,NA,NA
2017/02/20,1083.24,1235.35,NA,NA,NA
2017/02/21,1123.66,1228.7,2365.38,1.0551,54.02
2017/02/22,1122.19,1237.5,2362.82,1.0555,53.61
2017/02/23,1178.38,1237.35,2363.81,1.0586,54.48
2017/02/24,1180.92,1255.35,2367.34,1.058,53.99
2017/02/25,1151.58,NA,NA,NA,NA
2017/02/26,1179.97,NA,NA,NA,NA
2017/02/27,1194.28,1256.25,2369.75,1.0624,54.04
2017/02/28,1190.89,1251.9,2363.64,1.0618,54
2017/03/01,1230.02,1246.05,2395.96,1.0564,53.82
2017/03/02,1260.92,1243.3,2381.92,1.0514,52.63
2017/03/03,1290.79,1228.75,2383.12,1.0552,53.33
2017/03/04,1267.68,NA,NA,NA,NA
2017/03/05,1277.68,NA,NA,NA,NA
2017/03/06,1280.87,1231.15,2375.31,1.0586,53.19
2017/03/07,1232.43,1223.7,2368.39,1.0582,52.68
2017/03/08,1150.48,1213.3,2362.98,1.0547,49.83
2017/03/09,1191.81,1204.6,2364.87,1.0586,48.75
2017/03/10,1117.02,1196.55,2372.6,1.0667,48.05
2017/03/11,1181.64,NA,NA,NA,NA
2017/03/12,1229.5,NA,NA,NA,NA
2017/03/13,1243.24,1207.8,2373.47,1.067,47.95
2017/03/14,1246.31,1203.55,2365.45,1.0645,47.24
2017/03/15,1259.6,1202.25,2385.26,1.063,48.34
2017/03/16,1172.91,1225.6,2381.38,1.0738,48.3
2017/03/17,1070.13,1228.75,2378.25,1.0742,48.34
2017/03/18,970.6,NA,NA,NA,NA
2017/03/19,1017.8,NA,NA,NA,NA
2017/03/20,1041.34,1233,2373.47,1.0754,47.79
2017/03/21,1115.04,1232.05,2344.02,1.081,47.02
2017/03/22,1037.44,1246.1,2348.45,1.08,47.29
2017/03/23,1029.95,1247.9,2345.96,1.0787,47
2017/03/24,935.95,1244,2343.98,1.0806,47.3
2017/03/25,964.69,NA,NA,NA,NA
2017/03/26,965.23,NA,NA,NA,NA
2017/03/27,1040.49,1256.9,2341.59,1.0882,47.02
2017/03/28,1044.25,1253.65,2358.57,1.0852,48.36
2017/03/29,1040.39,1252.9,2361.13,1.0756,49.47
2017/03/30,1037.53,1250.9,2368.06,1.0726,50.3
2017/03/31,1079.75,1241.7,2362.72,1.0698,50.54
2017/04/01,1089.51,NA,NA,NA,NA
2017/04/02,1098.78,NA,NA,NA,NA
2017/04/03,1147.63,1246.25,2358.84,1.0655,50.25
2017/04/04,1143.75,1258.65,2360.16,1.0664,50.99
2017/04/05,1135,1252.5,2352.95,1.0661,51.14
2017/04/06,1190.6,1253.75,2357.49,1.0651,51.69
2017/04/07,1193.02,1264.3,2355.54,1.0616,52.25
2017/04/08,1184.82,NA,NA,NA,NA
2017/04/09,1210.05,NA,NA,NA,NA
2017/04/10,1213.34,1253.6,2357.16,1.0606,53.06
2017/04/11,1224.77,1255.7,2353.78,1.0614,53.38
2017/04/12,1216.5,1272.3,2344.93,1.0611,53.12
2017/04/13,1178.53,1286.1,2328.95,1.063,53.19
2017/04/14,1183.44,NA,NA,1.0625,NA
2017/04/15,1180.7,NA,NA,NA,NA
2017/04/16,1184.79,NA,NA,NA,NA
2017/04/17,1203.73,NA,2349.01,1.066,52.62
2017/04/18,1217.6,1285,2342.19,1.0706,52.46
2017/04/19,1226.94,1282.05,2338.17,1.0707,50.49
2017/04/20,1255.4,1279.9,2355.84,1.0758,50.26
2017/04/21,1257.13,1281.5,2348.69,1.0694,49.64
2017/04/22,1244.37,NA,NA,NA,NA
2017/04/23,1248.22,NA,NA,NA,NA
2017/04/24,1248.32,1271.8,2374.15,1.0846,48.9
2017/04/25,1263.54,1270.5,2388.61,1.0941,49.22
2017/04/26,1284.84,1264.95,2387.45,1.0872,49.22
2017/04/27,1329.19,1264.3,2388.77,1.0864,48.96
2017/04/28,1320.05,1265.55,2384.2,1.0895,49.31
2017/04/29,1327.04,NA,NA,NA,NA
2017/04/30,1347.96,NA,NA,NA,NA
2017/05/01,1402.08,NA,2388.33,1.0912,48.83
2017/05/02,1443.68,1255.8,2391.17,1.091,47.65
2017/05/03,1492,1253.95,2388.13,1.092,47.79
2017/05/04,1515.63,1235.85,2389.52,1.0967,45.55
2017/05/05,1512.21,1239.4,2399.29,1.0996,46.23
2017/05/06,1548.29,NA,NA,NA,NA
2017/05/07,1555.47,NA,NA,NA,NA
2017/05/08,1639.32,1229.7,2399.38,1.0928,46.46
2017/05/09,1706.93,1225.15,2396.92,1.0875,45.84
2017/05/10,1756.8,1222.95,2399.63,1.0873,47.28
2017/05/11,1807.37,1221,2394.44,1.0869,47.81
2017/05/12,1676.99,1227.9,2390.9,1.0926,47.83
2017/05/13,1759.96,NA,NA,NA,NA
2017/05/14,1772.42,NA,NA,NA,NA
2017/05/15,1697.38,1231.5,2402.32,1.0979,48.86
2017/05/16,1718.2,1234.05,2400.67,1.1072,48.64
2017/05/17,1802.16,1244.6,2357.03,1.1134,49.04
2017/05/18,1887.33,1261.35,2365.72,1.113,49.36
2017/05/19,1968.1,1251.85,2381.73,1.119,50.32
2017/05/20,2051.73,NA,NA,NA,NA
2017/05/21,2055.62,NA,NA,NA,NA
2017/05/22,2139.03,1255.25,2394.02,1.1236,50.81
2017/05/23,2291.48,1259.9,2398.42,1.1198,51.12
2017/05/24,2476.3,1251.35,2404.39,1.1175,50.99
2017/05/25,2357.5,1257.1,2415.07,1.1218,48.57
2017/05/26,2247.48,1265,2415.82,1.117,49.58
2017/05/27,2106.31,NA,NA,NA,NA
2017/05/28,2207.58,NA,NA,NA,NA
2017/05/29,2289.87,NA,NA,NA,NA
2017/05/30,2197.23,1262.8,2412.91,1.1183,49.63
2017/05/31,2330.23,1263.8,2411.8,1.1236,48.29
2017/06/01,2452.18,1266.15,2430.06,1.1214,48.32
2017/06/02,2517.41,1260.95,2439.07,1.127,47.68
2017/06/03,2555.65,NA,NA,NA,NA
2017/06/04,2552.81,NA,NA,NA,NA
2017/06/05,2736.59,1280.7,2436.1,1.125,47.4
2017/06/06,2914.08,1287.85,2429.33,1.1266,48.13
2017/06/07,2694.22,1292.7,2433.14,1.1236,45.8
2017/06/08,2825.03,1284.8,2433.79,1.1217,45.68
2017/06/09,2826.7,1274.25,2431.77,1.119,45.82
2017/06/10,2942.34,NA,NA,NA,NA
2017/06/11,3018.54,NA,NA,NA,NA
2017/06/12,2682.59,1269.25,2429.39,1.1204,46.1
2017/06/13,2738.93,1261.3,2440.35,1.1194,46.41
2017/06/14,2494.48,1268.25,2437.92,1.1277,44.79
2017/06/15,2456.92,1260.25,2432.46,1.1152,44.47
2017/06/16,2528.1,1256.6,2433.15,1.1194,44.73
2017/06/17,2664,NA,NA,NA,NA
2017/06/18,2576.17,NA,NA,NA,NA
2017/06/19,2641.66,1251.1,2453.46,1.116,44.24
2017/06/20,2778.83,1246.5,2437.03,1.1124,43.34
2017/06/21,2712.16,1247.05,2435.61,1.1143,42.48
2017/06/22,2740.79,1251.4,2434.5,1.1148,42.53
2017/06/23,2738.22,1256.3,2438.3,1.1196,42.86
2017/06/24,2619.12,NA,NA,NA,NA
2017/06/25,2594.45,NA,NA,NA,NA
2017/06/26,2485.36,1240.85,2439.07,1.1196,43.24
2017/06/27,2593.17,1250.4,2419.38,1.13,44.25
2017/06/28,2584.56,1251.6,2440.69,1.1364,44.74
2017/06/29,2561.56,1246.6,2419.7,1.142,44.88
2017/06/30,2499.98,1243.25,2423.41,1.1411,46.02
2017/07/01,2460.2,NA,NA,NA,NA
2017/07/02,2529.78,NA,NA,NA,NA
2017/07/03,2581.07,1235.2,2429.01,1.1367,NA
2017/07/04,2625.07,1224.25,NA,NA,NA
2017/07/05,2629.27,1221.9,2432.54,1.1336,45.11
2017/07/06,2619.11,1224.3,2409.75,1.1409,45.52
2017/07/07,2521.24,1220.4,2425.18,1.1396,44.25
2017/07/08,2579.93,NA,NA,NA,NA
2017/07/09,2525.67,NA,NA,NA,NA
2017/07/10,2371.96,1207.55,2427.43,1.1396,44.4
2017/07/11,2332.19,1211.9,2425.53,1.143,45.06
2017/07/12,2423.16,1219.4,2443.25,1.1411,45.48
2017/07/13,2364.52,1221.4,2447.83,1.1385,46.06
2017/07/14,2232.65,1218.95,2459.27,1.1452,46.53
2017/07/15,1993.26,NA,NA,NA,NA
2017/07/16,1938.94,NA,NA,NA,NA
2017/07/17,2244.26,1229.85,2459.14,1.147,46.02
2017/07/18,2327.9,1237.1,2460.61,1.1578,46.4
2017/07/19,2294.4,1239.85,2473.83,1.1518,47.1
2017/07/20,2877.39,1236.55,2473.45,1.1634,46.73
2017/07/21,2694.29,1247.25,2472.54,1.1655,45.78
2017/07/22,2838.81,NA,NA,NA,NA
2017/07/23,2762.63,NA,NA,NA,NA
2017/07/24,2779.04,1255.85,2469.91,1.1642,46.21
2017/07/25,2591.22,1252,2477.13,1.1656,47.77
2017/07/26,2550.18,1245.4,2477.83,1.1632,48.58
2017/07/27,2697.47,1262.05,2475.42,1.1656,49.05
2017/07/28,2805.18,1259.6,2472.1,1.1754,49.72
2017/07/29,2720.08,NA,NA,NA,NA
2017/07/30,2746.33,NA,NA,NA,NA
2017/07/31,2873.83,1266.35,2470.3,1.1826,50.21
2017/08/01,2735.59,1267.05,2476.35,1.1799,49.19
2017/08/02,2723.58,1266.65,2477.57,1.1861,49.6
2017/08/03,2814.36,1261.8,2472.16,1.188,49.03
2017/08/04,2883.68,1269.3,2476.83,1.1754,49.57
2017/08/05,3301.76,NA,NA,NA,NA
2017/08/06,3255,NA,NA,NA,NA
2017/08/07,3431.97,1257.55,2480.91,1.1788,49.37
2017/08/08,3453.16,1261.45,2474.92,1.1724,49.07
2017/08/09,3377.54,1267.95,2474.02,1.1748,49.59
2017/08/10,3445.28,1278.9,2438.21,1.1751,48.54
2017/08/11,3679.61,1288.3,2441.32,1.1811,48.81
2017/08/12,3917.65,NA,NA,NA,NA
2017/08/13,4111.2,NA,NA,NA,NA
2017/08/14,4382.74,1281.1,2465.84,1.1786,47.59
2017/08/15,4204.43,NA,2464.61,1.1736,47.57
2017/08/16,4425.3,1270.15,2468.11,1.1703,46.8
2017/08/17,4316.34,1285.9,2430.01,1.1736,47.07
2017/08/18,4159.46,1295.25,2425.55,1.1748,48.59
2017/08/19,4206.13,NA,NA,NA,NA
2017/08/20,4111.22,NA,NA,NA,NA
2017/08/21,4054.94,1287.6,2428.37,1.1814,47.39
2017/08/22,4137.67,1285.1,2452.51,1.1762,47.65
2017/08/23,4191.22,1286.45,2444.04,1.1802,48.45
2017/08/24,4362.47,1285.9,2438.97,1.1801,47.24
2017/08/25,4408.32,1287.05,2443.05,1.1874,47.65
2017/08/26,4387.46,NA,NA,NA,NA
2017/08/27,4394.51,NA,NA,NA,NA
2017/08/28,4439.66,NA,2444.24,1.1973,46.4
2017/08/29,4648.13,1323.4,2446.3,1.2025,46.46
2017/08/30,4630.73,1310.6,2457.59,1.1927,45.96
2017/08/31,4764.87,1305.8,2471.65,1.1894,47.26
2017/09/01,4950.72,1318.4,2476.55,1.1878,47.32
2017/09/02,4643.97,NA,NA,NA,NA
2017/09/03,4631.69,NA,NA,NA,NA
2017/09/04,4319.72,1334.6,NA,NA,NA
2017/09/05,4422.12,1331.15,2457.85,1.1911,48.63
2017/09/06,4626.72,1340.15,2465.54,1.1943,49.13
2017/09/07,4638.1,1340.45,2465.1,1.2028,49.1
2017/09/08,4317.54,1350.9,2461.43,1.2041,47.44
2017/09/09,4291.88,NA,NA,NA,NA
2017/09/10,4191.17,NA,NA,NA,NA
2017/09/11,4188.84,1338.75,2488.11,1.1964,48.06
2017/09/12,4148.27,1326.25,2496.48,1.1968,48.21
2017/09/13,3874.26,1332.25,2498.37,1.1898,49.3
2017/09/14,3226.41,1323,2495.62,1.1886,49.86
2017/09/15,3686.9,1325,2500.23,1.1959,49.9
2017/09/16,3678.74,NA,NA,NA,NA
2017/09/17,3672.57,NA,NA,NA,NA
2017/09/18,4067.08,1314.4,2503.87,1.1938,49.88
2017/09/19,3897,1308.45,2506.65,1.198,49.54
2017/09/20,3858.09,1314.9,2508.24,1.1998,50.29
2017/09/21,3612.68,1297.35,2500.6,1.1946,50.58
2017/09/22,3603.31,1297,2502.22,1.1969,50.33
2017/09/23,3777.29,NA,NA,NA,NA
2017/09/24,3662.12,NA,NA,NA,NA
2017/09/25,3927.5,1295.5,2496.66,1.1852,51.85
2017/09/26,3895.51,1306.9,2496.84,1.1772,51.59
2017/09/27,4208.56,1291.3,2507.04,1.1747,52.14
2017/09/28,4185.29,1284.3,2510.06,1.1776,51.62
2017/09/29,4164.1,1286.95,2519.36,1.1813,51.67
2017/09/30,4353.05,NA,NA,NA,NA
2017/10/01,4394.64,NA,NA,NA,NA
2017/10/02,4404.1,1273.1,2529.12,1.1745,50.59
2017/10/03,4320.09,1270.7,2534.58,1.1759,50.44
2017/10/04,4225.92,1275.55,2537.74,1.176,50
2017/10/05,4322.75,1278.4,2552.07,1.1706,50.79
2017/10/06,4370.24,1268.2,2549.33,1.1732,49.34
2017/10/07,4437.03,NA,NA,NA,NA
2017/10/08,4596.96,NA,NA,NA,NA
2017/10/09,4772.97,1282.15,2544.73,NA,49.58
2017/10/10,4754.7,1289.6,2550.64,1.1804,50.93
2017/10/11,4830.77,1290.2,2555.24,1.1847,51.3
2017/10/12,5439.13,1294.45,2550.93,1.184,50.61
2017/10/13,5640.13,1293.9,2553.17,1.1837,51.43
2017/10/14,5809.69,NA,NA,NA,NA
2017/10/15,5697.39,NA,NA,NA,NA
2017/10/16,5754.22,1305.15,2557.64,1.181,51.86
2017/10/17,5595.23,1289.7,2559.36,1.1754,51.87
2017/10/18,5572.2,1280.65,2561.26,1.1775,52.05
2017/10/19,5699.58,1283.4,2562.1,1.1842,51.29
2017/10/20,5984.09,1280.25,2575.21,1.177,51.63
2017/10/21,6013.23,NA,NA,NA,NA
2017/10/22,5984.96,NA,NA,NA,NA
2017/10/23,5895.3,1275.25,2564.98,1.1762,51.91
2017/10/24,5518.85,1278.3,2569.13,1.1766,52.32
2017/10/25,5733.9,1273,2557.15,1.1802,51.97
2017/10/26,5888.14,1278,2560.4,1.17,52.41
2017/10/27,5767.68,1267.8,2581.07,1.158,53.92
2017/10/28,5732.82,NA,NA,NA,NA
2017/10/29,6140.53,NA,NA,NA,NA
2017/10/30,6121.8,1272.75,2572.83,1.1626,54.11
2017/10/31,6447.67,1274.4,2575.26,1.1648,54.36
2017/11/01,6750.17,1279.25,2579.36,1.1618,54.32
2017/11/02,7030,1276.4,2579.85,1.1672,54.55
2017/11/03,7161.45,1275.3,2587.84,1.1616,55.63
2017/11/04,7387,NA,NA,NA,NA
2017/11/05,7382.45,NA,NA,NA,NA
2017/11/06,6958.21,1271.6,2591.13,1.16,57.34
2017/11/07,7118.8,1276.35,2590.64,1.1577,57.19
2017/11/08,7458.79,1282.25,2594.38,1.1591,56.82
2017/11/09,7146.78,1284,2584.62,1.1648,57.16
2017/11/10,6570.31,1284.45,2582.3,NA,56.75
2017/11/11,6337,NA,NA,NA,NA
2017/11/12,5857.32,NA,NA,NA,NA
2017/11/13,6517.68,1278.4,2584.84,1.1656,56.77
2017/11/14,6598.77,1273.7,2578.87,1.1764,55.67
2017/11/15,7279,1285.7,2564.62,1.1794,55.28
2017/11/16,7843.94,1277.7,2585.64,1.1772,55.14
2017/11/17,7689.91,1283.85,2578.85,1.1799,56.21
2017/11/18,7776.94,NA,NA,NA,NA
2017/11/19,8033.94,NA,NA,NA,NA
2017/11/20,8238.2,1292.35,2582.14,1.1741,56.21
2017/11/21,8095.59,1280,2599.03,1.1741,56.84
2017/11/22,8230.69,1283.95,2597.08,1.1789,57.88
2017/11/23,8002.64,1290.15,NA,NA,NA
2017/11/24,8201.46,1289.15,2602.42,1.1936,58.94
2017/11/25,8763.78,NA,NA,NA,NA
2017/11/26,9326.59,NA,NA,NA,NA
2017/11/27,9739.05,1294.7,2601.42,1.1911,58.1
2017/11/28,9908.23,1293.9,2627.04,1.1878,57.96
2017/11/29,9816.35,1294.85,2626.07,1.1858,57.25
2017/11/30,9916.54,1282.15,2647.58,1.1898,57.4
2017/12/01,10859.56,1277.25,2642.22,1.191,58.35
2017/12/02,10895.01,NA,NA,NA,NA
2017/12/03,11180.89,NA,NA,NA,NA
2017/12/04,11616.85,1279.1,2639.44,1.1848,57.48
2017/12/05,11696.06,1275.9,2629.57,1.182,57.66
2017/12/06,13708.99,1268.55,2629.27,1.1788,55.79
2017/12/07,16858.02,1256.8,2636.98,1.179,56.5
2017/12/08,16057.14,1245.85,2651.5,1.1761,57.15
2017/12/09,14913.4,NA,NA,NA,NA
2017/12/10,15036.96,NA,NA,NA,NA
2017/12/11,16699.68,1251.4,2659.99,1.1802,57.84
2017/12/12,17178.1,1243.4,2664.11,1.1725,57.12
2017/12/13,16407.2,1241.6,2662.85,1.1762,56.59
2017/12/14,16531.08,1255.6,2652.01,1.1778,57
2017/12/15,17601.94,1257.25,2675.81,1.1778,57.29
2017/12/16,19343.04,NA,NA,NA,NA
2017/12/17,19086.64,NA,NA,NA,NA
2017/12/18,18960.52,1258.65,2690.16,1.1804,57.17
2017/12/19,17608.35,1263.1,2681.47,1.1822,57.49
2017/12/20,16454.72,1265.95,2679.25,1.1881,58.09
2017/12/21,15561.05,1265.85,2684.57,1.1872,58.34
2017/12/22,13857.14,1268.05,2683.34,1.1839,58.25
2017/12/23,14548.71,NA,NA,NA,NA
2017/12/24,13975.44,NA,NA,NA,NA
2017/12/25,13917.03,NA,NA,NA,NA
2017/12/26,15745.26,NA,2680.5,1.1867,59.55
2017/12/27,15378.28,1285.4,2682.62,1.1902,59.67
2017/12/28,14428.76,1291.6,2687.54,1.1952,59.84
2017/12/29,14427.87,1296.5,2673.61,1.2022,60.46
2017/12/30,12629.81,NA,NA,NA,NA
2017/12/31,13860.14,NA,NA,NA,NA
2018/01/01,13412.44,NA,NA,NA,NA
2018/01/02,14740.76,1312.8,2695.81,1.205,60.37
2018/01/03,15134.65,1314.6,2713.06,1.203,61.61
2018/01/04,15155.23,1313.7,2723.99,1.2064,61.98
2018/01/05,16937.17,1317.9,2743.15,1.2039,61.49
2018/01/06,17135.84,NA,NA,NA,NA
2018/01/07,16178.49,NA,NA,NA,NA
2018/01/08,14970.36,1318.8,2747.71,1.1973,61.73
2018/01/09,14439.47,1314.95,2751.29,1.1922,62.92
2018/01/10,14890.72,1321.65,2748.23,1.1958,63.6
2018/01/11,13287.26,1319.85,2767.56,1.2035,63.81
2018/01/12,13812.71,1332.9,2786.24,1.213,64.22
2018/01/13,14188.78,NA,NA,NA,NA
2018/01/14,13619.03,NA,NA,NA,NA
2018/01/15,13585.9,1343,NA,NA,NA
2018/01/16,11348.02,1334.95,2776.42,1.2244,63.82
2018/01/17,11141.25,1337.35,2802.56,1.2229,63.92
2018/01/18,11250.65,1329.75,2798.03,1.2238,63.96
2018/01/19,11514.92,1335.8,2810.3,1.2238,63.38
2018/01/20,12759.64,NA,NA,NA,NA
2018/01/21,11522.86,NA,NA,NA,NA
2018/01/22,10772.15,1334.15,2832.97,1.223,63.66
2018/01/23,10839.83,1337.1,2839.13,1.2277,64.45
2018/01/24,11399.52,1350.5,2837.54,1.239,65.69
2018/01/25,11137.24,1360.25,2839.25,1.2488,65.62
2018/01/26,11090.06,1354.35,2872.87,1.2422,66.27
2018/01/27,11407.15,NA,NA,NA,NA
2018/01/28,11694.47,NA,NA,NA,NA
2018/01/29,11158.39,1348.4,2853.53,1.2352,65.71
2018/01/30,10035,1345.7,2822.43,1.239,64.64
2018/01/31,10166.51,1343.35,2823.81,1.2428,64.82
2018/02/01,9052.58,1341.1,2821.98,1.2482,65.92
2018/02/02,8827.63,1345,2762.13,1.2446,65.5
2018/02/03,9224.39,NA,NA,NA,NA
2018/02/04,8186.65,NA,NA,NA,NA
2018/02/05,6914.26,1337.1,2648.94,1.2418,64.18
2018/02/06,7700.39,1344.65,2695.14,1.2381,63.48
2018/02/07,7581.8,1328.5,2681.66,1.2281,61.91
2018/02/08,8237.24,1311.05,2581,1.2238,61.3
2018/02/09,8689.84,1316.05,2619.55,1.2226,59.2
2018/02/10,8556.61,NA,NA,NA,NA
2018/02/11,8070.8,NA,NA,NA,NA
2018/02/12,8891.21,1321.7,2656,1.2267,59.41
2018/02/13,8516.24,1329.4,2662.94,1.2363,59.33
2018/02/14,9477.84,1330.75,2698.63,1.2396,60.7
2018/02/15,10016.49,1353.7,2731.2,1.2482,61.48
2018/02/16,10178.71,1358.6,2732.22,1.2442,61.89
2018/02/17,11092.15,NA,NA,NA,NA
2018/02/18,10396.63,NA,NA,NA,NA
2018/02/19,11159.72,1347.4,NA,NA,NA
2018/02/20,11228.24,1337.4,2716.26,1.2348,61.91
2018/02/21,10456.17,1328.6,2701.33,1.2314,61.73
2018/02/22,9830.43,1323.5,2703.96,1.2326,62.72
2018/02/23,10149.46,1328.9,2747.3,1.2298,63.52
2018/02/24,9682.38,NA,NA,NA,NA
2018/02/25,9586.46,NA,NA,NA,NA
2018/02/26,10313.08,1339.05,2779.6,1.2296,63.81
2018/02/27,10564.42,1332.75,2744.28,1.2239,62.94
2018/02/28,10309.64,1320.3,2713.83,1.2211,61.43
2018/03/01,10907.59,1311.25,2677.67,1.2216,60.98
2018/03/02,11019.52,1316.75,2691.25,1.2314,61.19
2018/03/03,11438.65,NA,NA,NA,NA
2018/03/04,11479.73,NA,NA,NA,NA
2018/03/05,11432.98,1326.3,2720.94,1.233,62.49
2018/03/06,10709.53,1324.95,2728.12,1.2415,62.54
2018/03/07,9906.8,1332.5,2726.8,1.2397,61.09
2018/03/08,9299.28,1325.4,2738.97,1.2314,60.13
2018/03/09,9237.05,1319.35,2786.57,1.2326,62.02
2018/03/10,8787.16,NA,NA,NA,NA
2018/03/11,9532.74,NA,NA,NA,NA
2018/03/12,9118.27,1317.25,2783.02,1.2318,61.35
2018/03/13,9144.15,1318.7,2765.31,1.2398,60.69
2018/03/14,8196.9,1324.95,2749.48,1.2362,60.89
2018/03/15,8256.99,1323.35,2747.33,1.2321,61.16
2018/03/16,8269.33,1320.05,2752.01,1.228,62.29
2018/03/17,7862.11,NA,NA,NA,NA
2018/03/18,8196.02,NA,NA,NA,NA
2018/03/19,8594.19,1311.7,2712.92,1.2329,62.01
2018/03/20,8915.9,1312.75,2716.94,1.2271,63.37
2018/03/21,8895.4,1316.35,2711.93,1.2268,65.1
2018/03/22,8712.89,1328.85,2643.69,1.231,64.25
2018/03/23,8918.74,1342.35,2588.26,1.236,65.8
2018/03/24,8535.89,NA,NA,NA,NA
2018/03/25,8449.83,NA,NA,NA,NA
2018/03/26,8138.34,1348.4,2658.55,1.244,65.49
2018/03/27,7790.16,1350.65,2612.62,1.241,65.21
2018/03/28,7937.2,1341.05,2605,1.2351,64.3
2018/03/29,7086.49,1323.9,2640.87,1.2297,64.87
2018/03/30,6844.32,NA,NA,1.232,NA
2018/03/31,6926.02,NA,NA,NA,NA
2018/04/01,6816.74,NA,NA,NA,NA
2018/04/02,7049.79,NA,2581.88,1.2288,63.05
2018/04/03,7417.89,1336.6,2614.45,1.2261,63.41
2018/04/04,6789.3,1343.15,2644.69,1.2292,63.35
2018/04/05,6774.75,1327.05,2662.84,1.223,63.53
2018/04/06,6620.41,1325.6,2604.47,1.2274,62.03
2018/04/07,6896.28,NA,NA,NA,NA
2018/04/08,7022.71,NA,NA,NA,NA
2018/04/09,6773.94,1328.5,2613.16,1.232,63.4
2018/04/10,6830.9,1335.95,2656.87,1.2338,65.48
2018/04/11,6939.55,1345.2,2642.19,1.2384,66.81
2018/04/12,7916.37,1345.9,2663.99,1.232,67.07
2018/04/13,7889.23,1340.75,2656.3,1.2322,67.35
2018/04/14,8003.68,NA,NA,NA,NA
2018/04/15,8357.04,NA,NA,NA,NA
2018/04/16,8051.34,1344.4,2677.84,1.2373,66.23
2018/04/17,7890.15,1342.95,2706.39,1.2345,66.5
2018/04/18,8163.69,1346.55,2708.64,1.238,68.44
2018/04/19,8273.74,1347.9,2693.13,1.2336,68.3
2018/04/20,8863.5,1340.15,2670.14,1.2282,68.26
2018/04/21,8917.6,NA,NA,NA,NA
2018/04/22,8792.83,NA,NA,NA,NA
2018/04/23,8938.3,1328,2670.29,1.2216,67.61
2018/04/24,9652.16,1327.35,2634.56,1.2226,67.66
2018/04/25,8864.09,1325.7,2639.4,1.2178,68
2018/04/26,9279,1321.9,2666.94,1.2113,68.18
2018/04/27,8978.33,1317.7,2669.91,1.2108,68.11
2018/04/28,9342.47,NA,NA,NA,NA
2018/04/29,9392.03,NA,NA,NA,NA
2018/04/30,9244.32,1316.25,2648.05,1.2074,68.56
2018/05/01,9067.71,1309.2,2654.8,1.2,67.28
2018/05/02,9219.86,1310.75,2635.67,1.1968,67.91
2018/05/03,9734.67,1313.3,2629.73,1.197,68.45
2018/05/04,9692.72,1309.35,2663.42,1.1946,69.71
2018/05/05,9826.6,NA,NA,NA,NA
2018/05/06,9619.14,NA,NA,NA,NA
2018/05/07,9362.53,NA,2672.63,1.1927,70.74
2018/05/08,9180.16,1310.05,2671.92,1.1863,68.83
2018/05/09,9306,1306.85,2697.79,1.1852,71.16
2018/05/10,9014.61,1314.8,2723.07,1.1896,71.36
2018/05/11,8406.17,1324.8,2727.72,1.1951,70.69
2018/05/12,8467.66,NA,NA,NA,NA
2018/05/13,8688.03,NA,NA,NA,NA
2018/05/14,8675.21,1320.7,2730.13,1.1976,71.01
2018/05/15,8474.24,1310.05,2711.45,1.1864,71.34
2018/05/16,8340.3,1291.75,2722.46,1.1788,71.43
2018/05/17,8058.6,1288.85,2720.13,1.1798,71.47
2018/05/18,8240.72,1287.2,2712.97,1.1775,71.23
2018/05/19,8234.15,NA,NA,NA,NA
2018/05/20,8520.81,NA,NA,NA,NA
2018/05/21,8395.23,1285.85,2733.01,1.1768,72.26
2018/05/22,7983.52,1293.9,2724.44,1.1783,72.09
2018/05/23,7502.56,1294,2733.29,1.1693,71.85
2018/05/24,7578.69,1296.35,2727.76,1.1729,70.77
2018/05/25,7460.69,1303.95,2721.33,1.1666,67.92
2018/05/26,7334.16,NA,NA,NA,NA
2018/05/27,7344.97,NA,NA,NA,NA
2018/05/28,7105.67,NA,NA,NA,NA
2018/05/29,7460.58,1302.05,2689.86,1.1551,66.8
2018/05/30,7375.67,1298.6,2724.01,1.1664,68.24
2018/05/31,7487.19,1303.5,2705.27,1.167,66.98
2018/06/01,7518.24,1299.15,2734.62,1.1679,65.81
2018/06/02,7636.19,NA,NA,NA,NA
2018/06/03,7711.36,NA,NA,NA,NA
2018/06/04,7490.59,1294.65,2746.87,1.1696,64.76
2018/06/05,7616.89,1292.25,2748.8,1.1672,65.51
2018/06/06,7655.98,1295.25,2772.35,1.1778,64.75
2018/06/07,7688,1298.3,2770.37,1.1815,65.96
2018/06/08,7616.1,1299.2,2779.03,1.1773,65.77
2018/06/09,7497.34,NA,NA,NA,NA
2018/06/10,6765.8,NA,NA,NA,NA
2018/06/11,6877.18,1296.05,2782,1.1802,66.1
2018/06/12,6548.33,1298.3,2786.85,1.1792,66.38
2018/06/13,6299.52,1294.4,2775.63,1.1784,66.63
2018/06/14,6637.74,1305.3,2782.49,1.1634,66.91
2018/06/15,6410.72,1300.1,2779.66,1.1616,65.01
2018/06/16,6485.87,NA,NA,NA,NA
2018/06/17,6443.67,NA,NA,NA,NA
2018/06/18,6709.48,1281.25,2773.75,1.1606,65.91
2018/06/19,6737.41,1279,2762.59,1.1577,65.09
2018/06/20,6758.38,1273.25,2767.32,1.1592,65.92
2018/06/21,6717.2,1263.7,2749.76,1.16,65.68
2018/06/22,6053.9,1269.7,2754.88,1.163,69.02
2018/06/23,6170.56,NA,NA,NA,NA
2018/06/24,6150.19,NA,NA,NA,NA
2018/06/25,6247.47,1269.8,2717.07,1.1694,69.91
2018/06/26,6074.92,1257.15,2723.06,1.1675,75.23
2018/06/27,6132.56,1256.8,2699.63,1.1588,77.41
2018/06/28,5848.26,1250.5,2716.31,1.1582,73.45
2018/06/29,6203.9,1250.55,2718.37,1.1677,74.13
2018/06/30,6387.31,NA,NA,NA,NA
2018/07/01,6347.86,NA,NA,NA,NA
2018/07/02,6613.27,1249,2726.71,1.1604,73.89
2018/07/03,6504.93,1245.85,2713.22,1.1653,74.19
2018/07/04,6584.77,1256.9,NA,NA,NA
2018/07/05,6531.2,1252.5,2736.61,1.1697,73.05
2018/07/06,6600.99,1254.2,2759.82,1.1738,73.78
2018/07/07,6755.56,NA,NA,NA,NA
2018/07/08,6704.18,NA,NA,NA,NA
2018/07/09,6664.21,1262.6,2784.17,1.1744,73.93
2018/07/10,6302.49,1253.7,2793.84,1.1728,74.11
2018/07/11,6381.87,1250,2774.02,1.1722,70.47
2018/07/12,6245.63,1244.85,2798.29,1.1692,70.28
2018/07/13,6217.61,1240.5,2801.31,1.1667,71.03
2018/07/14,6247.23,NA,NA,NA,NA
2018/07/15,6349.04,NA,NA,NA,NA
2018/07/16,6726.4,1244.9,2798.43,1.171,68.22
2018/07/17,7314.94,1243.65,2809.55,1.1664,68.03
2018/07/18,7378.76,1223.45,2815.62,1.1645,68.78
2018/07/19,7470.82,1217.4,2804.49,1.1604,69.42
2018/07/20,7330.54,1224.85,2801.83,1.1708,70.31
2018/07/21,7404.29,NA,NA,NA,NA
2018/07/22,7396.29,NA,NA,NA,NA
2018/07/23,7717.5,1229.45,2806.98,1.1702,67.9
2018/07/24,8397.63,1224.3,2820.4,1.1684,70.77
2018/07/25,8166.76,1230.55,2846.07,1.1677,71.13
2018/07/26,7929.61,1228.35,2837.44,1.1654,71.59
2018/07/27,8183.02,1219.15,2818.82,1.166,68.66
2018/07/28,8229.96,NA,NA,NA,NA
2018/07/29,8215.56,NA,NA,NA,NA
2018/07/30,8168,1222.05,2802.6,1.1718,71.19
2018/07/31,7726.89,1219.2,2816.29,1.1706,69.88
2018/08/01,7603.75,1222.75,2813.36,1.1666,68.8
2018/08/02,7535.02,1217.6,2827.22,1.1612,68.95
2018/08/03,7415.56,1207.7,2840.35,1.1597,68.49
2018/08/04,7009.09,NA,NA,NA,NA
2018/08/05,7026.99,NA,NA,NA,NA
2018/08/06,6937.07,1212,2850.4,1.1564,69.01
2018/08/07,6717.21,1215.4,2858.45,1.1597,69.17
2018/08/08,6280.58,1212.35,2857.7,1.1598,66.92
2018/08/09,6537.9,1215.5,2853.58,1.1566,66.81
2018/08/10,6143.3,1211.65,2833.28,1.1399,67.61
2018/08/11,6233.38,NA,NA,NA,NA
2018/08/12,6312.83,NA,NA,NA,NA
2018/08/13,6252.37,1204.4,2821.93,1.1396,67.25
2018/08/14,6192.31,1195.3,2839.96,1.1351,67.04
2018/08/15,6270.04,1186.7,2818.37,1.1332,65.07
2018/08/16,6314.24,1179.65,2840.69,1.1388,65.44
2018/08/17,6583.24,1176.7,2850.13,1.141,65.93
2018/08/18,6395.35,NA,NA,NA,NA
2018/08/19,6485.75,NA,NA,NA,NA
2018/08/20,6256.61,1188.75,2857.05,1.1438,66.5
2018/08/21,6477.38,1194.1,2862.96,1.1534,67.32
2018/08/22,6357.59,1196.85,2861.82,1.1595,67.85
2018/08/23,6525.61,1187.3,2856.98,1.1567,69.13
2018/08/24,6692.62,1189.95,2874.69,1.1625,69.71
2018/08/25,6732.5,NA,NA,NA,NA
2018/08/26,6707.63,NA,NA,NA,NA
2018/08/27,6907.66,NA,2896.74,1.1676,69.97
2018/08/28,7076.74,1212.75,2897.52,1.172,68.54
2018/08/29,7035.81,1204.3,2914.04,1.1699,69.68
2018/08/30,6982.4,1202.35,2901.13,1.1646,70.25
2018/08/31,7013.97,1206.85,2901.52,1.1596,69.84
2018/09/01,7192.3,NA,NA,NA,NA
2018/09/02,7295.13,NA,NA,NA,NA
2018/09/03,7261.49,1201.7,NA,NA,NA
2018/09/04,7358.5,1195.75,2896.72,1.1566,69.82
2018/09/05,6687.01,1194.7,2888.6,1.162,68.69
2018/09/06,6498.62,1204.3,2878.05,1.1624,67.81
2018/09/07,6396.27,1200.75,2871.68,1.1572,67.73
2018/09/08,6183.38,NA,NA,NA,NA
2018/09/09,6238.54,NA,NA,NA,NA
2018/09/10,6305.57,1195.8,2877.13,1.1604,67.55
2018/09/11,6282.92,1194,2887.89,1.1591,69.29
2018/09/12,6328.93,1197.8,2888.92,1.1626,70.37
2018/09/13,6486.62,1206.65,2904.18,1.1672,68.6
2018/09/14,6492.37,1206.2,2904.98,1.1656,68.98
2018/09/15,6515.9,NA,NA,NA,NA
2018/09/16,6497.37,NA,NA,NA,NA
2018/09/17,6251.16,1196.8,2888.8,NA,68.86
2018/09/18,6334.2,1199.4,2904.31,NA,NA
2018/09/19,6388.98,1203,2907.95,NA,NA
2018/09/20,6491.64,1203,2930.75,NA,NA
